行列头两行不会被读取,,,,,,,,,,,,,,,,,,,,,,,待定,,,,,,,,,,,,,,,,,,,,,,,,,,,,,,,,,,,
,,"1-999英雄相关
1000-1999怪物
2000-2999装备
3000-3999晶石
4000-4999收集品
逐步加",属性描述,"有小数的情况可以用number格式

目前number格式的最小值为0.0001，最大值为214万。
",,,,需显示百分比,,,,需显示百分比,需显示百分比,需显示百分比,,,,,填米数/秒,,"
每秒进度百分比",,需显示百分比,需显示百分比,,,,,每秒,,,,,需显示百分比,需显示百分比,米,需显示百分比,需显示百分比,需显示百分比,需显示百分比,需显示百分比,需显示百分比,需显示百分比,需显示百分比,需显示百分比,需显示百分比,需显示百分比,需显示百分比,需显示百分比,需显示百分比,需显示百分比,需显示百分比,需显示百分比,需显示百分比,需显示百分比,需显示百分比,公式生成，不用填写,公式生成，不用填写
,导出字段名,id,desc,atk,atkPercent,armor,armorPercent,selfDmgInc,enemyWoundInc,selfDmgDec,enemyWoundDec,crit,critInc,tenacity,heal,healPercent,gethealPercent,realDmg,moveSpeed,moveSpeedPercent,atbSpeed,atbSpeedPercent,effectHit,effectResist,maxHP,maxHPPercent,maxMP,maxMPPercent,genMP,genMPPercent,maxRage,genRagePercent,initRage,hit,dodge,moveScope,dmgPhysics,dmgEarth,dmgWater,dmgFire,dmgWind,dmgThunder,dmgTime,dmgSpace,dmgSteel,dmgDeath,resPhysics,resEarth,resWater,resFire,resWind,resThunder,resTime,resSpace,resSteel,resDeath,dmgOfType,resOfType
,导出字段描述,id,描述,攻击力,攻击力百分比,护甲,护甲百分比,自身伤害加成,敌方受伤加成,自身伤害消减,敌方受伤消减,暴击率,暴击倍数加成,韧性值,治疗强度,治疗效果加成百分比,受治疗效果加成百分比,真实伤害,战场移动速度,战场移动速度百分比,时间槽速度,时间槽速度百分比,技能效果命中,技能效果抵抗,血量上限,血量上限百分比,MP上限,MP上限百分比,MP恢复,MP恢复百分比,怒气上限,怒气增长提高百分比,初始怒气,命中值,闪避值,移动范围,物理系伤害加成,地系伤害加成,水系伤害加成,火系伤害加成,风系伤害加成,雷系伤害加成,时系伤害加成,空系伤害加成,钢系伤害加成,灭系伤害加成,物理系伤害抗性,地系伤害抗性,水系伤害抗性,火系伤害抗性,风系伤害抗性,雷系伤害抗性,时系伤害抗性,空系伤害抗性,钢系伤害抗性,灭系伤害抗性,各系伤害加层,各系伤害减免
,字段控制,,,,,,,,,,,,,,,,,,,,,,,,,,,,,,,,,,,,,,,,,,,,,,,,,,,,,,,,,
,导出字段类型,int32,,number,number,number,number,number,number,number,number,number,number,number,int32,number,number,int32,number,number,number,number,int32,int32,int32,number,int32,number,int32,number,int32,number,int32,int32,int32,number,,,,,,,,,,,,,,,,,,,,,[]number,[]number
,,1,demo版本瓦尔基里，1级默认值,580,0,720,0,0,0,0,0,0,0,0,0,0,0,0,6,0,0.2,0,5000,0,40800,0,1500,0,2,0,1000,0,0,10000,0,8,0,0,0,0,0,0,0,0,0,0,0,0,0,0,0,0,0,0,0,0,"0,0,0,0,0,0,0,0,0,0","0,0,0,0,0,0,0,0,0,0"
,,2,demo版本男主，1级默认值,900,0,540,0,0,0,0,0,0,0,0,0,0,0,0,6,0,0.25,0,5000,0,25200,0,1500,0,2,0,1000,0,0,10000,0,8,0,0,0,0,0,0,0,0,0,0,0,0,0,0,0,0,0,0,0,0,"0,0,0,0,0,0,0,0,0,0","0,0,0,0,0,0,0,0,0,0"
,,3,demo版本法师，1级默认值,1400,0,465,0,0,0,0,0,0,0,0,0,0,0,0,6,0,0.15,0,5000,0,15000,0,1500,0,2,0,1000,0,0,10000,0,8,0,0,0,0,0,0,0,0,0,0,0,0,0,0,0,0,0,0,0,0,"0,0,0,0,0,0,0,0,0,0","0,0,0,0,0,0,0,0,0,0"
,,4,demo版本治疗，1级默认值,1400,0,465,0,0,0,0,0,0,0,0,0,0,0,0,6,0,0.2,0,5000,0,15000,0,1500,0,2,0,1000,0,0,10000,0,8,0,0,0,0,0,0,0,0,0,0,0,0,0,0,0,0,0,0,0,0,"0,0,0,0,0,0,0,0,0,0","0,0,0,0,0,0,0,0,0,0"
,,5,demo版本怪物1,1400,0,540,0,0,0,0,0,0,0,0,0,0,0,0,5,0,0.1,0,5000,0,25200,0,1500,0,2,0,1000,0,0,10000,0,8,0,0,0,0,0,0,0,0,0,0,0,0,0,0,0,0,0,0,0,0,"0,0,0,0,0,0,0,0,0,0","0,0,0,0,0,0,0,0,0,0"
,,6,demo版本怪物2,1400,0,540,0,0,0,0,0,0,0,0,0,0,0,0,5,0,0.08,0,5000,0,25200,0,1500,0,2,0,1000,0,0,10000,0,8,0,0,0,0,0,0,0,0,0,0,0,0,0,0,0,0,0,0,0,0,"0,0,0,0,0,0,0,0,0,0","0,0,0,0,0,0,0,0,0,0"
,,7,demo版本怪物3,1400,0,540,0,0,0,0,0,0,0,0,0,0,0,0,5,0,6.7000000000000004E-2,0,5000,0,25200,0,1500,0,2,0,1000,0,0,10000,0,8,0,0,0,0,0,0,0,0,0,0,0,0,0,0,0,0,0,0,0,0,"0,0,0,0,0,0,0,0,0,0","0,0,0,0,0,0,0,0,0,0"
,,9,demo版本史莱姆(大),1400,0,540,0,0,0,0,0,0,0,0,0,0,0,0,5,0,0.15,0,5000,0,60000,0,1500,0,2,0,1000,0,0,10000,0,8,0,0,0,0,0,0,0,0,0,0,0,0,0,0,0,0,0,0,0,0,"0,0,0,0,0,0,0,0,0,0","0,0,0,0,0,0,0,0,0,0"
,,10,demo版本史莱姆(小),2500,0,540,0,0,0,0,0,0,0,0,0,0,0,0,5,0,0.15,0,5000,0,15000,0,1500,0,2,0,1000,0,0,10000,0,8,0,0,0,0,0,0,0,0,0,0,0,0,0,0,0,0,0,0,0,0,"0,0,0,0,0,0,0,0,0,0","0,0,0,0,0,0,0,0,0,0"
,1-1高速度男主,100,demo版本男主，1级默认值,900,0,540,0,0,0,0,0,0,0,0,0,0,0,0,6,0,0.6,0,5000,0,40800,0,1500,0,2,0,1000,0,0,10000,0,8,0,0,0,0,0,0,0,0,0,0,0,0,0,0,0,0,0,0,0,0,"0,0,0,0,0,0,0,0,0,0","0,0,0,0,0,0,0,0,0,0"
,,1010101,1-1（红狼）,1400,0,540,0,0,0,0,0,0,0,0,0,0,0,0,5,0,0.1,0,5000,0,1200,0,1500,0,2,0,1000,0,0,10000,0,8,0,0,0,0,0,0,0,0,0,0,0,0,0,0,0,0,0,0,0,0,"0,0,0,0,0,0,0,0,0,0","0,0,0,0,0,0,0,0,0,0"
,,1010102,1-1（蓝狼）,1400,0,540,0,0,0,0,0,0,0,0,0,0,0,0,5,0,0.1,0,5000,0,2000,0,1500,0,2,0,1000,0,0,10000,0,8,0,0,0,0,0,0,0,0,0,0,0,0,0,0,0,0,0,0,0,0,"0,0,0,0,0,0,0,0,0,0","0,0,0,0,0,0,0,0,0,0"
,,1010201,1-2（红狼）,1400,0,540,0,0,0,0,0,0,0,0,0,0,0,0,5,0,0.1,0,5000,0,13000,0,1500,0,2,0,1000,0,0,10000,0,8,0,0,0,0,0,0,0,0,0,0,0,0,0,0,0,0,0,0,0,0,"0,0,0,0,0,0,0,0,0,0","0,0,0,0,0,0,0,0,0,0"
,,1010202,1-2（红狼）,1400,0,540,0,0,0,0,0,0,0,0,0,0,0,0,5,0,0.08,0,5000,0,13000,0,1500,0,2,0,1000,0,0,10000,0,8,0,0,0,0,0,0,0,0,0,0,0,0,0,0,0,0,0,0,0,0,"0,0,0,0,0,0,0,0,0,0","0,0,0,0,0,0,0,0,0,0"
,,1010203,1-2（红扫把）,1400,0,540,0,0,0,0,0,0,0,0,0,0,0,0,5,0,0.1,0,5000,0,13000,0,1500,0,2,0,1000,0,1000,10000,0,8,0,0,0,0,0,0,0,0,0,0,0,0,0,0,0,0,0,0,0,0,"0,0,0,0,0,0,0,0,0,0","0,0,0,0,0,0,0,0,0,0"
,,1010301,1-3（红狼）,1400,0,540,0,0,0,0,0,0,0,0,0,0,0,0,5,0,0.1,0,5000,0,16000,0,1500,0,2,0,1000,0,0,10000,0,8,0,0,0,0,0,0,0,0,0,0,0,0,0,0,0,0,0,0,0,0,"0,0,0,0,0,0,0,0,0,0","0,0,0,0,0,0,0,0,0,0"
,,1010302,1-3（红狼）,1400,0,540,0,0,0,0,0,0,0,0,0,0,0,0,5,0,0.1,0,5000,0,16000,0,1500,0,2,0,1000,0,0,10000,0,8,0,0,0,0,0,0,0,0,0,0,0,0,0,0,0,0,0,0,0,0,"0,0,0,0,0,0,0,0,0,0","0,0,0,0,0,0,0,0,0,0"
,,1010303,1-3（红狼）,1400,0,540,0,0,0,0,0,0,0,0,0,0,0,0,5,0,0.1,0,5000,0,16000,0,1500,0,2,0,1000,0,0,10000,0,8,0,0,0,0,0,0,0,0,0,0,0,0,0,0,0,0,0,0,0,0,"0,0,0,0,0,0,0,0,0,0","0,0,0,0,0,0,0,0,0,0"
,,1010304,1-3（红狼）,1400,0,540,0,0,0,0,0,0,0,0,0,0,0,0,5,0,0.1,0,5000,0,16000,0,1500,0,2,0,1000,0,0,10000,0,8,0,0,0,0,0,0,0,0,0,0,0,0,0,0,0,0,0,0,0,0,"0,0,0,0,0,0,0,0,0,0","0,0,0,0,0,0,0,0,0,0"
,,1010305,1-2（红蝙蝠）,1400,0,540,0,0,0,0,0,0,0,0,0,0,0,0,5,0,6.7000000000000004E-2,0,5000,0,16000,0,1500,0,2,0,1000,0,0,10000,0,8,0,0,0,0,0,0,0,0,0,0,0,0,0,0,0,0,0,0,0,0,"0,0,0,0,0,0,0,0,0,0","0,0,0,0,0,0,0,0,0,0"
,,1010501,1-5(绿狼),1400,0,600,0,0,0,0,0,0,0,0,0,0,0,0,5,0,0.1,0,5000,0,30000,0,1500,0,2,0,1000,0,0,10000,0,8,0,0,0,0,0,0,0,0,0,0,0,0,0,0,0,0,0,0,0,0,"0,0,0,0,0,0,0,0,0,0","0,0,0,0,0,0,0,0,0,0"
,,1010502,1-5(绿狼),1400,0,600,0,0,0,0,0,0,0,0,0,0,0,0,5,0,0.1,0,5000,0,30000,0,1500,0,2,0,1000,0,0,10000,0,8,0,0,0,0,0,0,0,0,0,0,0,0,0,0,0,0,0,0,0,0,"0,0,0,0,0,0,0,0,0,0","0,0,0,0,0,0,0,0,0,0"
,,1010503,1-5(红狼),1400,0,600,0,0,0,0,0,0,0,0,0,0,0,0,5,0,0.1,0,5000,0,30000,0,1500,0,2,0,1000,0,0,10000,0,8,0,0,0,0,0,0,0,0,0,0,0,0,0,0,0,0,0,0,0,0,"0,0,0,0,0,0,0,0,0,0","0,0,0,0,0,0,0,0,0,0"
,,1010504,1-5(红蝙蝠),2000,0,350,0,0,0,0,0,0,0,0,0,0,0,0,5,0,0.125,0,5000,0,21000,0,1500,0,2,0,1000,0,0,10000,0,8,0,0,0,0,0,0,0,0,0,0,0,0,0,0,0,0,0,0,0,0,"0,0,0,0,0,0,0,0,0,0","0,0,0,0,0,0,0,0,0,0"
,,1010505,1-5(红蝙蝠),2000,0,350,0,0,0,0,0,0,0,0,0,0,0,0,5,0,0.125,0,5000,0,21000,0,1500,0,2,0,1000,0,0,10000,0,8,0,0,0,0,0,0,0,0,0,0,0,0,0,0,0,0,0,0,0,0,"0,0,0,0,0,0,0,0,0,0","0,0,0,0,0,0,0,0,0,0"
,,1010506,1-5(蓝扫把),1400,0,540,0,0,0,0,0,0,0,0,0,0,0,0,5,0,0.1,0,5000,0,60000,0,1500,0,2,0,1000,0,0,10000,0,8,0,0,0,0,0,0,0,0,0,0,0,0,0,0,0,0,0,0,0,0,"0,0,0,0,0,0,0,0,0,0","0,0,0,0,0,0,0,0,0,0"
,,1010601,1-6(哈迪斯),1400,0,540,0,0,0,0,0,0,0,0,0,0,0,0,5,0,0.5,0,5000,0,60000,0,1500,0,2,0,1000,0,0,10000,0,8,0,0,0,0,0,0,0,0,0,0,0,0,0,0,0,0,0,0,0,0,"0,0,0,0,0,0,0,0,0,0","0,0,0,0,0,0,0,0,0,0"
,,300,英雄1突破成长率,5,0,8,0,0,0,0,0,0,0,0,0,0,0,0,0,0,0,0,0,0,150,0,0,0,0,0,0,0,0,0,0,0,0,0,0,0,0,0,0,0,0,0,0,0,0,0,0,0,0,0,0,0,"0,0,0,0,0,0,0,0,0,0","0,0,0,0,0,0,0,0,0,0"
,,301,英雄1突破固定值,10,0,10,0,0,0,0,0,0,0,0,0,0,0,0,0,0,0,0,0,0,200,0,0,0,0,0,0,0,0,0,0,0,0,0,0,0,0,0,0,0,0,0,0,0,0,0,0,0,0,0,0,0,"0,0,0,0,0,0,0,0,0,0","0,0,0,0,0,0,0,0,0,0"
,,310,英雄升级成长率,5,0,7,0,0,0,0,0,0,0,0,0,0,0,0,0,0,0,0,0,0,100,0,0,0,0,0,0,0,0,0,0,0,0,0,0,0,0,0,0,0,0,0,0,0,0,0,0,0,0,0,0,0,"0,0,0,0,0,0,0,0,0,0","0,0,0,0,0,0,0,0,0,0"
,,2000,武器升级攻击力固定值,50,0,0,0,0,0,0,0,0,0,0,0,0,0,0,0,0,0,0,0,0,0,0,0,0,0,0,0,0,0,0,0,0,0,0,0,0,0,0,0,0,0,0,0,0,0,0,0,0,0,0,0,0,"0,0,0,0,0,0,0,0,0,0","0,0,0,0,0,0,0,0,0,0"
,,2001,武器升级攻击力成长率,3.5,0,0,0,0,0,0,0,0,0,0,0,0,0,0,0,0,0,0,0,0,0,0,0,0,0,0,0,0,0,0,0,0,0,0,0,0,0,0,0,0,0,0,0,0,0,0,0,0,0,0,0,0,"0,0,0,0,0,0,0,0,0,0","0,0,0,0,0,0,0,0,0,0"
单手剑种类,第2条属性,2010,单手剑1突破成长率,0,0,0,0,0,0,0,0,0,0,0,0,0,0,0,0,0,0,0,0,0,0,0,0,0,0,0,0,0,0,0,0,0,0,0,0,0,0,0,0,0,0,0,0,0,0,0,0,0,0,0,0,0,"0,0,0,0,0,0,0,0,0,0","0,0,0,0,0,0,0,0,0,0"
1,-1,2011,单手剑1突破固定值,0,0,0,0,0,0,0,0,0,0,0,0,0,0,0,0,0,0,0,0,0,0,0,0,0,0,0,0,0,0,0,0,0,0,0,0,0,0,0,0,0,0,0,0,0,0,0,0,0,0,0,0,0,"0,0,0,0,0,0,0,0,0,0","0,0,0,0,0,0,0,0,0,0"
2,百分比攻击力,2012,单手剑2突破成长率,0,2.5999999999999999E-3,0,0,0,0,0,0,0,0,0,0,0,0,0,0,0,0,0,0,0,0,0,0,0,0,0,0,0,0,0,0,0,0,0,0,0,0,0,0,0,0,0,0,0,0,0,0,0,0,0,0,0,"0,0,0,0,0,0,0,0,0,0","0,0,0,0,0,0,0,0,0,0"
3,百分比攻击力,2013,单手剑2突破固定值,0,8.0000000000000002E-3,0,0,0,0,0,0,0,0,0,0,0,0,0,0,0,0,0,0,0,0,0,0,0,0,0,0,0,0,0,0,0,0,0,0,0,0,0,0,0,0,0,0,0,0,0,0,0,0,0,0,0,"0,0,0,0,0,0,0,0,0,0","0,0,0,0,0,0,0,0,0,0"
4,百分比攻击力,2014,单手剑3突破成长率,0,2.5999999999999999E-3,0,0,0,0,0,0,0,0,0,0,0,0,0,0,0,0,0,0,0,0,0,0,0,0,0,0,0,0,0,0,0,0,0,0,0,0,0,0,0,0,0,0,0,0,0,0,0,0,0,0,0,"0,0,0,0,0,0,0,0,0,0","0,0,0,0,0,0,0,0,0,0"
5,暴击率,2015,单手剑3突破固定值,0,8.0000000000000002E-3,0,0,0,0,0,0,0,0,0,0,0,0,0,0,0,0,0,0,0,0,0,0,0,0,0,0,0,0,0,0,0,0,0,0,0,0,0,0,0,0,0,0,0,0,0,0,0,0,0,0,0,"0,0,0,0,0,0,0,0,0,0","0,0,0,0,0,0,0,0,0,0"
6,暴击倍数,2016,单手剑4突破成长率,0,2.5999999999999999E-3,0,0,0,0,0,0,0,0,0,0,0,0,0,0,0,0,0,0,0,0,0,0,0,0,0,0,0,0,0,0,0,0,0,0,0,0,0,0,0,0,0,0,0,0,0,0,0,0,0,0,0,"0,0,0,0,0,0,0,0,0,0","0,0,0,0,0,0,0,0,0,0"
7,百分比攻击力,2017,单手剑4突破固定值,0,8.0000000000000002E-3,0,0,0,0,0,0,0,0,0,0,0,0,0,0,0,0,0,0,0,0,0,0,0,0,0,0,0,0,0,0,0,0,0,0,0,0,0,0,0,0,0,0,0,0,0,0,0,0,0,0,0,"0,0,0,0,0,0,0,0,0,0","0,0,0,0,0,0,0,0,0,0"
8,百分比攻击力,2018,单手剑5突破成长率,0,0,0,0,0,0,0,0,2.8E-3,0,0,0,0,0,0,0,0,0,0,0,0,0,0,0,0,0,0,0,0,0,0,0,0,0,0,0,0,0,0,0,0,0,0,0,0,0,0,0,0,0,0,0,0,"0,0,0,0,0,0,0,0,0,0","0,0,0,0,0,0,0,0,0,0"
9,暴击率,2019,单手剑5突破固定值,0,0,0,0,0,0,0,0,0.01,0,0,0,0,0,0,0,0,0,0,0,0,0,0,0,0,0,0,0,0,0,0,0,0,0,0,0,0,0,0,0,0,0,0,0,0,0,0,0,0,0,0,0,0,"0,0,0,0,0,0,0,0,0,0","0,0,0,0,0,0,0,0,0,0"
10,百分比生命值,2020,单手剑6突破成长率,0,0,0,0,0,0,0,0,0,5.8999999999999999E-3,0,0,0,0,0,0,0,0,0,0,0,0,0,0,0,0,0,0,0,0,0,0,0,0,0,0,0,0,0,0,0,0,0,0,0,0,0,0,0,0,0,0,0,"0,0,0,0,0,0,0,0,0,0","0,0,0,0,0,0,0,0,0,0"
,,2021,单手剑6突破固定值,0,0,0,0,0,0,0,0,0,0.01,0,0,0,0,0,0,0,0,0,0,0,0,0,0,0,0,0,0,0,0,0,0,0,0,0,0,0,0,0,0,0,0,0,0,0,0,0,0,0,0,0,0,0,"0,0,0,0,0,0,0,0,0,0","0,0,0,0,0,0,0,0,0,0"
,,2022,单手剑7突破成长率,0,2.5999999999999999E-3,0,0,0,0,0,0,0,0,0,0,0,0,0,0,0,0,0,0,0,0,0,0,0,0,0,0,0,0,0,0,0,0,0,0,0,0,0,0,0,0,0,0,0,0,0,0,0,0,0,0,0,"0,0,0,0,0,0,0,0,0,0","0,0,0,0,0,0,0,0,0,0"
,,2023,单手剑7突破固定值,0,8.0000000000000002E-3,0,0,0,0,0,0,0,0,0,0,0,0,0,0,0,0,0,0,0,0,0,0,0,0,0,0,0,0,0,0,0,0,0,0,0,0,0,0,0,0,0,0,0,0,0,0,0,0,0,0,0,"0,0,0,0,0,0,0,0,0,0","0,0,0,0,0,0,0,0,0,0"
,,2024,单手剑8突破成长率,0,2.5999999999999999E-3,0,0,0,0,0,0,0,0,0,0,0,0,0,0,0,0,0,0,0,0,0,0,0,0,0,0,0,0,0,0,0,0,0,0,0,0,0,0,0,0,0,0,0,0,0,0,0,0,0,0,0,"0,0,0,0,0,0,0,0,0,0","0,0,0,0,0,0,0,0,0,0"
,,2025,单手剑8突破固定值,0,8.0000000000000002E-3,0,0,0,0,0,0,0,0,0,0,0,0,0,0,0,0,0,0,0,0,0,0,0,0,0,0,0,0,0,0,0,0,0,0,0,0,0,0,0,0,0,0,0,0,0,0,0,0,0,0,0,"0,0,0,0,0,0,0,0,0,0","0,0,0,0,0,0,0,0,0,0"
,,2026,单手剑9突破成长率,0,0,0,0,0,0,0,0,2.8E-3,0,0,0,0,0,0,0,0,0,0,0,0,0,0,0,0,0,0,0,0,0,0,0,0,0,0,0,0,0,0,0,0,0,0,0,0,0,0,0,0,0,0,0,0,"0,0,0,0,0,0,0,0,0,0","0,0,0,0,0,0,0,0,0,0"
,,2027,单手剑9突破固定值,0,0,0,0,0,0,0,0,0.01,0,0,0,0,0,0,0,0,0,0,0,0,0,0,0,0,0,0,0,0,0,0,0,0,0,0,0,0,0,0,0,0,0,0,0,0,0,0,0,0,0,0,0,0,"0,0,0,0,0,0,0,0,0,0","0,0,0,0,0,0,0,0,0,0"
,,2028,单手剑10突破成长率,0,0,0,0,0,0,0,0,0,0,0,0,0,0,0,0,0,0,0,0,0,0,2.5999999999999999E-3,0,0,0,0,0,0,0,0,0,0,0,0,0,0,0,0,0,0,0,0,0,0,0,0,0,0,0,0,0,0,"0,0,0,0,0,0,0,0,0,0","0,0,0,0,0,0,0,0,0,0"
,,2029,单手剑10突破固定值,0,0,0,0,0,0,0,0,0,0,0,0,0,0,0,0,0,0,0,0,0,0,8.0000000000000002E-3,0,0,0,0,0,0,0,0,0,0,0,0,0,0,0,0,0,0,0,0,0,0,0,0,0,0,0,0,0,0,"0,0,0,0,0,0,0,0,0,0","0,0,0,0,0,0,0,0,0,0"
双手剑种类,第2条属性,2030,双手剑1突破成长率,0,0,0,0,0,0,0,0,0,0,0,0,0,0,0,0,0,0,0,0,0,0,0,0,0,0,0,0,0,0,0,0,0,0,0,0,0,0,0,0,0,0,0,0,0,0,0,0,0,0,0,0,0,"0,0,0,0,0,0,0,0,0,0","0,0,0,0,0,0,0,0,0,0"
1,-1,2031,双手剑1突破固定值,0,0,0,0,0,0,0,0,0,0,0,0,0,0,0,0,0,0,0,0,0,0,0,0,0,0,0,0,0,0,0,0,0,0,0,0,0,0,0,0,0,0,0,0,0,0,0,0,0,0,0,0,0,"0,0,0,0,0,0,0,0,0,0","0,0,0,0,0,0,0,0,0,0"
2,百分比攻击力,2032,双手剑2突破成长率,0,2.5999999999999999E-3,0,0,0,0,0,0,0,0,0,0,0,0,0,0,0,0,0,0,0,0,0,0,0,0,0,0,0,0,0,0,0,0,0,0,0,0,0,0,0,0,0,0,0,0,0,0,0,0,0,0,0,"0,0,0,0,0,0,0,0,0,0","0,0,0,0,0,0,0,0,0,0"
3,百分比攻击力,2033,双手剑2突破固定值,0,8.0000000000000002E-3,0,0,0,0,0,0,0,0,0,0,0,0,0,0,0,0,0,0,0,0,0,0,0,0,0,0,0,0,0,0,0,0,0,0,0,0,0,0,0,0,0,0,0,0,0,0,0,0,0,0,0,"0,0,0,0,0,0,0,0,0,0","0,0,0,0,0,0,0,0,0,0"
4,百分比攻击力,2034,双手剑3突破成长率,0,2.5999999999999999E-3,0,0,0,0,0,0,0,0,0,0,0,0,0,0,0,0,0,0,0,0,0,0,0,0,0,0,0,0,0,0,0,0,0,0,0,0,0,0,0,0,0,0,0,0,0,0,0,0,0,0,0,"0,0,0,0,0,0,0,0,0,0","0,0,0,0,0,0,0,0,0,0"
5,暴击率,2035,双手剑3突破固定值,0,8.0000000000000002E-3,0,0,0,0,0,0,0,0,0,0,0,0,0,0,0,0,0,0,0,0,0,0,0,0,0,0,0,0,0,0,0,0,0,0,0,0,0,0,0,0,0,0,0,0,0,0,0,0,0,0,0,"0,0,0,0,0,0,0,0,0,0","0,0,0,0,0,0,0,0,0,0"
6,暴击倍数,2036,双手剑4突破成长率,0,2.5999999999999999E-3,0,0,0,0,0,0,0,0,0,0,0,0,0,0,0,0,0,0,0,0,0,0,0,0,0,0,0,0,0,0,0,0,0,0,0,0,0,0,0,0,0,0,0,0,0,0,0,0,0,0,0,"0,0,0,0,0,0,0,0,0,0","0,0,0,0,0,0,0,0,0,0"
7,百分比攻击力,2037,双手剑4突破固定值,0,8.0000000000000002E-3,0,0,0,0,0,0,0,0,0,0,0,0,0,0,0,0,0,0,0,0,0,0,0,0,0,0,0,0,0,0,0,0,0,0,0,0,0,0,0,0,0,0,0,0,0,0,0,0,0,0,0,"0,0,0,0,0,0,0,0,0,0","0,0,0,0,0,0,0,0,0,0"
8,百分比攻击力,2038,双手剑5突破成长率,0,0,0,0,0,0,0,0,2.8E-3,0,0,0,0,0,0,0,0,0,0,0,0,0,0,0,0,0,0,0,0,0,0,0,0,0,0,0,0,0,0,0,0,0,0,0,0,0,0,0,0,0,0,0,0,"0,0,0,0,0,0,0,0,0,0","0,0,0,0,0,0,0,0,0,0"
9,暴击率,2039,双手剑5突破固定值,0,0,0,0,0,0,0,0,0.01,0,0,0,0,0,0,0,0,0,0,0,0,0,0,0,0,0,0,0,0,0,0,0,0,0,0,0,0,0,0,0,0,0,0,0,0,0,0,0,0,0,0,0,0,"0,0,0,0,0,0,0,0,0,0","0,0,0,0,0,0,0,0,0,0"
10,百分比生命值,2040,双手剑6突破成长率,0,0,0,0,0,0,0,0,0,5.8999999999999999E-3,0,0,0,0,0,0,0,0,0,0,0,0,0,0,0,0,0,0,0,0,0,0,0,0,0,0,0,0,0,0,0,0,0,0,0,0,0,0,0,0,0,0,0,"0,0,0,0,0,0,0,0,0,0","0,0,0,0,0,0,0,0,0,0"
,,2041,双手剑6突破固定值,0,0,0,0,0,0,0,0,0,0.01,0,0,0,0,0,0,0,0,0,0,0,0,0,0,0,0,0,0,0,0,0,0,0,0,0,0,0,0,0,0,0,0,0,0,0,0,0,0,0,0,0,0,0,"0,0,0,0,0,0,0,0,0,0","0,0,0,0,0,0,0,0,0,0"
,,2042,双手剑7突破成长率,0,2.5999999999999999E-3,0,0,0,0,0,0,0,0,0,0,0,0,0,0,0,0,0,0,0,0,0,0,0,0,0,0,0,0,0,0,0,0,0,0,0,0,0,0,0,0,0,0,0,0,0,0,0,0,0,0,0,"0,0,0,0,0,0,0,0,0,0","0,0,0,0,0,0,0,0,0,0"
,,2043,双手剑7突破固定值,0,8.0000000000000002E-3,0,0,0,0,0,0,0,0,0,0,0,0,0,0,0,0,0,0,0,0,0,0,0,0,0,0,0,0,0,0,0,0,0,0,0,0,0,0,0,0,0,0,0,0,0,0,0,0,0,0,0,"0,0,0,0,0,0,0,0,0,0","0,0,0,0,0,0,0,0,0,0"
,,2044,双手剑8突破成长率,0,2.5999999999999999E-3,0,0,0,0,0,0,0,0,0,0,0,0,0,0,0,0,0,0,0,0,0,0,0,0,0,0,0,0,0,0,0,0,0,0,0,0,0,0,0,0,0,0,0,0,0,0,0,0,0,0,0,"0,0,0,0,0,0,0,0,0,0","0,0,0,0,0,0,0,0,0,0"
,,2045,双手剑8突破固定值,0,8.0000000000000002E-3,0,0,0,0,0,0,0,0,0,0,0,0,0,0,0,0,0,0,0,0,0,0,0,0,0,0,0,0,0,0,0,0,0,0,0,0,0,0,0,0,0,0,0,0,0,0,0,0,0,0,0,"0,0,0,0,0,0,0,0,0,0","0,0,0,0,0,0,0,0,0,0"
,,2046,双手剑9突破成长率,0,0,0,0,0,0,0,0,2.8E-3,0,0,0,0,0,0,0,0,0,0,0,0,0,0,0,0,0,0,0,0,0,0,0,0,0,0,0,0,0,0,0,0,0,0,0,0,0,0,0,0,0,0,0,0,"0,0,0,0,0,0,0,0,0,0","0,0,0,0,0,0,0,0,0,0"
,,2047,双手剑9突破固定值,0,0,0,0,0,0,0,0,0.01,0,0,0,0,0,0,0,0,0,0,0,0,0,0,0,0,0,0,0,0,0,0,0,0,0,0,0,0,0,0,0,0,0,0,0,0,0,0,0,0,0,0,0,0,"0,0,0,0,0,0,0,0,0,0","0,0,0,0,0,0,0,0,0,0"
,,2048,双手剑10突破成长率,0,0,0,0,0,0,0,0,0,0,0,0,0,0,0,0,0,0,0,0,0,0,2.5999999999999999E-3,0,0,0,0,0,0,0,0,0,0,0,0,0,0,0,0,0,0,0,0,0,0,0,0,0,0,0,0,0,0,"0,0,0,0,0,0,0,0,0,0","0,0,0,0,0,0,0,0,0,0"
,,2049,双手剑10突破固定值,0,0,0,0,0,0,0,0,0,0,0,0,0,0,0,0,0,0,0,0,0,0,8.0000000000000002E-3,0,0,0,0,0,0,0,0,0,0,0,0,0,0,0,0,0,0,0,0,0,0,0,0,0,0,0,0,0,0,"0,0,0,0,0,0,0,0,0,0","0,0,0,0,0,0,0,0,0,0"
长柄种类,第2条属性,2050,长柄1突破成长率,0,0,0,0,0,0,0,0,0,0,0,0,0,0,0,0,0,0,0,0,0,0,0,0,0,0,0,0,0,0,0,0,0,0,0,0,0,0,0,0,0,0,0,0,0,0,0,0,0,0,0,0,0,"0,0,0,0,0,0,0,0,0,0","0,0,0,0,0,0,0,0,0,0"
1,-1,2051,长柄1突破固定值,0,0,0,0,0,0,0,0,0,0,0,0,0,0,0,0,0,0,0,0,0,0,0,0,0,0,0,0,0,0,0,0,0,0,0,0,0,0,0,0,0,0,0,0,0,0,0,0,0,0,0,0,0,"0,0,0,0,0,0,0,0,0,0","0,0,0,0,0,0,0,0,0,0"
2,百分比攻击力,2052,长柄2突破成长率,0,2.5999999999999999E-3,0,0,0,0,0,0,0,0,0,0,0,0,0,0,0,0,0,0,0,0,0,0,0,0,0,0,0,0,0,0,0,0,0,0,0,0,0,0,0,0,0,0,0,0,0,0,0,0,0,0,0,"0,0,0,0,0,0,0,0,0,0","0,0,0,0,0,0,0,0,0,0"
3,百分比攻击力,2053,长柄2突破固定值,0,8.0000000000000002E-3,0,0,0,0,0,0,0,0,0,0,0,0,0,0,0,0,0,0,0,0,0,0,0,0,0,0,0,0,0,0,0,0,0,0,0,0,0,0,0,0,0,0,0,0,0,0,0,0,0,0,0,"0,0,0,0,0,0,0,0,0,0","0,0,0,0,0,0,0,0,0,0"
4,百分比攻击力,2054,长柄3突破成长率,0,2.5999999999999999E-3,0,0,0,0,0,0,0,0,0,0,0,0,0,0,0,0,0,0,0,0,0,0,0,0,0,0,0,0,0,0,0,0,0,0,0,0,0,0,0,0,0,0,0,0,0,0,0,0,0,0,0,"0,0,0,0,0,0,0,0,0,0","0,0,0,0,0,0,0,0,0,0"
5,暴击率,2055,长柄3突破固定值,0,8.0000000000000002E-3,0,0,0,0,0,0,0,0,0,0,0,0,0,0,0,0,0,0,0,0,0,0,0,0,0,0,0,0,0,0,0,0,0,0,0,0,0,0,0,0,0,0,0,0,0,0,0,0,0,0,0,"0,0,0,0,0,0,0,0,0,0","0,0,0,0,0,0,0,0,0,0"
6,暴击倍数,2056,长柄4突破成长率,0,2.5999999999999999E-3,0,0,0,0,0,0,0,0,0,0,0,0,0,0,0,0,0,0,0,0,0,0,0,0,0,0,0,0,0,0,0,0,0,0,0,0,0,0,0,0,0,0,0,0,0,0,0,0,0,0,0,"0,0,0,0,0,0,0,0,0,0","0,0,0,0,0,0,0,0,0,0"
7,百分比攻击力,2057,长柄4突破固定值,0,8.0000000000000002E-3,0,0,0,0,0,0,0,0,0,0,0,0,0,0,0,0,0,0,0,0,0,0,0,0,0,0,0,0,0,0,0,0,0,0,0,0,0,0,0,0,0,0,0,0,0,0,0,0,0,0,0,"0,0,0,0,0,0,0,0,0,0","0,0,0,0,0,0,0,0,0,0"
8,百分比攻击力,2058,长柄5突破成长率,0,0,0,0,0,0,0,0,2.8E-3,0,0,0,0,0,0,0,0,0,0,0,0,0,0,0,0,0,0,0,0,0,0,0,0,0,0,0,0,0,0,0,0,0,0,0,0,0,0,0,0,0,0,0,0,"0,0,0,0,0,0,0,0,0,0","0,0,0,0,0,0,0,0,0,0"
9,暴击倍数,2059,长柄5突破固定值,0,0,0,0,0,0,0,0,0.01,0,0,0,0,0,0,0,0,0,0,0,0,0,0,0,0,0,0,0,0,0,0,0,0,0,0,0,0,0,0,0,0,0,0,0,0,0,0,0,0,0,0,0,0,"0,0,0,0,0,0,0,0,0,0","0,0,0,0,0,0,0,0,0,0"
10,暴击率,2060,长柄6突破成长率,0,0,0,0,0,0,0,0,0,5.8999999999999999E-3,0,0,0,0,0,0,0,0,0,0,0,0,0,0,0,0,0,0,0,0,0,0,0,0,0,0,0,0,0,0,0,0,0,0,0,0,0,0,0,0,0,0,0,"0,0,0,0,0,0,0,0,0,0","0,0,0,0,0,0,0,0,0,0"
,,2061,长柄6突破固定值,0,0,0,0,0,0,0,0,0,0.01,0,0,0,0,0,0,0,0,0,0,0,0,0,0,0,0,0,0,0,0,0,0,0,0,0,0,0,0,0,0,0,0,0,0,0,0,0,0,0,0,0,0,0,"0,0,0,0,0,0,0,0,0,0","0,0,0,0,0,0,0,0,0,0"
,,2062,长柄7突破成长率,0,2.5999999999999999E-3,0,0,0,0,0,0,0,0,0,0,0,0,0,0,0,0,0,0,0,0,0,0,0,0,0,0,0,0,0,0,0,0,0,0,0,0,0,0,0,0,0,0,0,0,0,0,0,0,0,0,0,"0,0,0,0,0,0,0,0,0,0","0,0,0,0,0,0,0,0,0,0"
,,2063,长柄7突破固定值,0,8.0000000000000002E-3,0,0,0,0,0,0,0,0,0,0,0,0,0,0,0,0,0,0,0,0,0,0,0,0,0,0,0,0,0,0,0,0,0,0,0,0,0,0,0,0,0,0,0,0,0,0,0,0,0,0,0,"0,0,0,0,0,0,0,0,0,0","0,0,0,0,0,0,0,0,0,0"
,,2064,长柄8突破成长率,0,2.5999999999999999E-3,0,0,0,0,0,0,0,0,0,0,0,0,0,0,0,0,0,0,0,0,0,0,0,0,0,0,0,0,0,0,0,0,0,0,0,0,0,0,0,0,0,0,0,0,0,0,0,0,0,0,0,"0,0,0,0,0,0,0,0,0,0","0,0,0,0,0,0,0,0,0,0"
,,2065,长柄8突破固定值,0,8.0000000000000002E-3,0,0,0,0,0,0,0,0,0,0,0,0,0,0,0,0,0,0,0,0,0,0,0,0,0,0,0,0,0,0,0,0,0,0,0,0,0,0,0,0,0,0,0,0,0,0,0,0,0,0,0,"0,0,0,0,0,0,0,0,0,0","0,0,0,0,0,0,0,0,0,0"
,,2066,长柄9突破成长率,0,0,0,0,0,0,0,0,0,5.8999999999999999E-3,0,0,0,0,0,0,0,0,0,0,0,0,0,0,0,0,0,0,0,0,0,0,0,0,0,0,0,0,0,0,0,0,0,0,0,0,0,0,0,0,0,0,0,"0,0,0,0,0,0,0,0,0,0","0,0,0,0,0,0,0,0,0,0"
,,2067,长柄9突破固定值,0,0,0,0,0,0,0,0,0,0.01,0,0,0,0,0,0,0,0,0,0,0,0,0,0,0,0,0,0,0,0,0,0,0,0,0,0,0,0,0,0,0,0,0,0,0,0,0,0,0,0,0,0,0,"0,0,0,0,0,0,0,0,0,0","0,0,0,0,0,0,0,0,0,0"
,,2068,长柄10突破成长率,0,0,0,0,0,0,0,0,2.8E-3,0,0,0,0,0,0,0,0,0,0,0,0,0,0,0,0,0,0,0,0,0,0,0,0,0,0,0,0,0,0,0,0,0,0,0,0,0,0,0,0,0,0,0,0,"0,0,0,0,0,0,0,0,0,0","0,0,0,0,0,0,0,0,0,0"
,,2069,长柄10突破固定值,0,0,0,0,0,0,0,0,0.01,0,0,0,0,0,0,0,0,0,0,0,0,0,0,0,0,0,0,0,0,0,0,0,0,0,0,0,0,0,0,0,0,0,0,0,0,0,0,0,0,0,0,0,0,"0,0,0,0,0,0,0,0,0,0","0,0,0,0,0,0,0,0,0,0"
弓弩种类,第2条属性,2070,弓弩1突破成长率,0,0,0,0,0,0,0,0,0,0,0,0,0,0,0,0,0,0,0,0,0,0,0,0,0,0,0,0,0,0,0,0,0,0,0,0,0,0,0,0,0,0,0,0,0,0,0,0,0,0,0,0,0,"0,0,0,0,0,0,0,0,0,0","0,0,0,0,0,0,0,0,0,0"
1,-1,2071,弓弩1突破固定值,0,0,0,0,0,0,0,0,0,0,0,0,0,0,0,0,0,0,0,0,0,0,0,0,0,0,0,0,0,0,0,0,0,0,0,0,0,0,0,0,0,0,0,0,0,0,0,0,0,0,0,0,0,"0,0,0,0,0,0,0,0,0,0","0,0,0,0,0,0,0,0,0,0"
2,百分比攻击力,2072,弓弩2突破成长率,0,2.5999999999999999E-3,0,0,0,0,0,0,0,0,0,0,0,0,0,0,0,0,0,0,0,0,0,0,0,0,0,0,0,0,0,0,0,0,0,0,0,0,0,0,0,0,0,0,0,0,0,0,0,0,0,0,0,"0,0,0,0,0,0,0,0,0,0","0,0,0,0,0,0,0,0,0,0"
3,百分比攻击力,2073,弓弩2突破固定值,0,8.0000000000000002E-3,0,0,0,0,0,0,0,0,0,0,0,0,0,0,0,0,0,0,0,0,0,0,0,0,0,0,0,0,0,0,0,0,0,0,0,0,0,0,0,0,0,0,0,0,0,0,0,0,0,0,0,"0,0,0,0,0,0,0,0,0,0","0,0,0,0,0,0,0,0,0,0"
4,百分比攻击力,2074,弓弩3突破成长率,0,2.5999999999999999E-3,0,0,0,0,0,0,0,0,0,0,0,0,0,0,0,0,0,0,0,0,0,0,0,0,0,0,0,0,0,0,0,0,0,0,0,0,0,0,0,0,0,0,0,0,0,0,0,0,0,0,0,"0,0,0,0,0,0,0,0,0,0","0,0,0,0,0,0,0,0,0,0"
5,暴击率,2075,弓弩3突破固定值,0,8.0000000000000002E-3,0,0,0,0,0,0,0,0,0,0,0,0,0,0,0,0,0,0,0,0,0,0,0,0,0,0,0,0,0,0,0,0,0,0,0,0,0,0,0,0,0,0,0,0,0,0,0,0,0,0,0,"0,0,0,0,0,0,0,0,0,0","0,0,0,0,0,0,0,0,0,0"
6,暴击倍数,2076,弓弩4突破成长率,0,2.5999999999999999E-3,0,0,0,0,0,0,0,0,0,0,0,0,0,0,0,0,0,0,0,0,0,0,0,0,0,0,0,0,0,0,0,0,0,0,0,0,0,0,0,0,0,0,0,0,0,0,0,0,0,0,0,"0,0,0,0,0,0,0,0,0,0","0,0,0,0,0,0,0,0,0,0"
7,百分比攻击力,2077,弓弩4突破固定值,0,8.0000000000000002E-3,0,0,0,0,0,0,0,0,0,0,0,0,0,0,0,0,0,0,0,0,0,0,0,0,0,0,0,0,0,0,0,0,0,0,0,0,0,0,0,0,0,0,0,0,0,0,0,0,0,0,0,"0,0,0,0,0,0,0,0,0,0","0,0,0,0,0,0,0,0,0,0"
8,百分比攻击力,2078,弓弩5突破成长率,0,0,0,0,0,0,0,0,2.8E-3,0,0,0,0,0,0,0,0,0,0,0,0,0,0,0,0,0,0,0,0,0,0,0,0,0,0,0,0,0,0,0,0,0,0,0,0,0,0,0,0,0,0,0,0,"0,0,0,0,0,0,0,0,0,0","0,0,0,0,0,0,0,0,0,0"
9,暴击倍数,2079,弓弩5突破固定值,0,0,0,0,0,0,0,0,0.01,0,0,0,0,0,0,0,0,0,0,0,0,0,0,0,0,0,0,0,0,0,0,0,0,0,0,0,0,0,0,0,0,0,0,0,0,0,0,0,0,0,0,0,0,"0,0,0,0,0,0,0,0,0,0","0,0,0,0,0,0,0,0,0,0"
10,暴击率,2080,弓弩6突破成长率,0,0,0,0,0,0,0,0,0,5.8999999999999999E-3,0,0,0,0,0,0,0,0,0,0,0,0,0,0,0,0,0,0,0,0,0,0,0,0,0,0,0,0,0,0,0,0,0,0,0,0,0,0,0,0,0,0,0,"0,0,0,0,0,0,0,0,0,0","0,0,0,0,0,0,0,0,0,0"
,,2081,弓弩6突破固定值,0,0,0,0,0,0,0,0,0,0.01,0,0,0,0,0,0,0,0,0,0,0,0,0,0,0,0,0,0,0,0,0,0,0,0,0,0,0,0,0,0,0,0,0,0,0,0,0,0,0,0,0,0,0,"0,0,0,0,0,0,0,0,0,0","0,0,0,0,0,0,0,0,0,0"
,,2082,弓弩7突破成长率,0,2.5999999999999999E-3,0,0,0,0,0,0,0,0,0,0,0,0,0,0,0,0,0,0,0,0,0,0,0,0,0,0,0,0,0,0,0,0,0,0,0,0,0,0,0,0,0,0,0,0,0,0,0,0,0,0,0,"0,0,0,0,0,0,0,0,0,0","0,0,0,0,0,0,0,0,0,0"
,,2083,弓弩7突破固定值,0,8.0000000000000002E-3,0,0,0,0,0,0,0,0,0,0,0,0,0,0,0,0,0,0,0,0,0,0,0,0,0,0,0,0,0,0,0,0,0,0,0,0,0,0,0,0,0,0,0,0,0,0,0,0,0,0,0,"0,0,0,0,0,0,0,0,0,0","0,0,0,0,0,0,0,0,0,0"
,,2084,弓弩8突破成长率,0,2.5999999999999999E-3,0,0,0,0,0,0,0,0,0,0,0,0,0,0,0,0,0,0,0,0,0,0,0,0,0,0,0,0,0,0,0,0,0,0,0,0,0,0,0,0,0,0,0,0,0,0,0,0,0,0,0,"0,0,0,0,0,0,0,0,0,0","0,0,0,0,0,0,0,0,0,0"
,,2085,弓弩8突破固定值,0,8.0000000000000002E-3,0,0,0,0,0,0,0,0,0,0,0,0,0,0,0,0,0,0,0,0,0,0,0,0,0,0,0,0,0,0,0,0,0,0,0,0,0,0,0,0,0,0,0,0,0,0,0,0,0,0,0,"0,0,0,0,0,0,0,0,0,0","0,0,0,0,0,0,0,0,0,0"
,,2086,弓弩9突破成长率,0,0,0,0,0,0,0,0,0,5.8999999999999999E-3,0,0,0,0,0,0,0,0,0,0,0,0,0,0,0,0,0,0,0,0,0,0,0,0,0,0,0,0,0,0,0,0,0,0,0,0,0,0,0,0,0,0,0,"0,0,0,0,0,0,0,0,0,0","0,0,0,0,0,0,0,0,0,0"
,,2087,弓弩9突破固定值,0,0,0,0,0,0,0,0,0,0.01,0,0,0,0,0,0,0,0,0,0,0,0,0,0,0,0,0,0,0,0,0,0,0,0,0,0,0,0,0,0,0,0,0,0,0,0,0,0,0,0,0,0,0,"0,0,0,0,0,0,0,0,0,0","0,0,0,0,0,0,0,0,0,0"
,,2088,弓弩10突破成长率,0,0,0,0,0,0,0,0,2.8E-3,0,0,0,0,0,0,0,0,0,0,0,0,0,0,0,0,0,0,0,0,0,0,0,0,0,0,0,0,0,0,0,0,0,0,0,0,0,0,0,0,0,0,0,0,"0,0,0,0,0,0,0,0,0,0","0,0,0,0,0,0,0,0,0,0"
,,2089,弓弩10突破固定值,0,0,0,0,0,0,0,0,0.01,0,0,0,0,0,0,0,0,0,0,0,0,0,0,0,0,0,0,0,0,0,0,0,0,0,0,0,0,0,0,0,0,0,0,0,0,0,0,0,0,0,0,0,0,"0,0,0,0,0,0,0,0,0,0","0,0,0,0,0,0,0,0,0,0"
法杖种类,第2条属性,2090,法杖1突破成长率,0,0,0,0,0,0,0,0,0,0,0,0,0,0,0,0,0,0,0,0,0,0,0,0,0,0,0,0,0,0,0,0,0,0,0,0,0,0,0,0,0,0,0,0,0,0,0,0,0,0,0,0,0,"0,0,0,0,0,0,0,0,0,0","0,0,0,0,0,0,0,0,0,0"
1,-1,2091,法杖1突破固定值,0,0,0,0,0,0,0,0,0,0,0,0,0,0,0,0,0,0,0,0,0,0,0,0,0,0,0,0,0,0,0,0,0,0,0,0,0,0,0,0,0,0,0,0,0,0,0,0,0,0,0,0,0,"0,0,0,0,0,0,0,0,0,0","0,0,0,0,0,0,0,0,0,0"
2,百分比攻击力,2092,法杖2突破成长率,0,2.5999999999999999E-3,0,0,0,0,0,0,0,0,0,0,0,0,0,0,0,0,0,0,0,0,0,0,0,0,0,0,0,0,0,0,0,0,0,0,0,0,0,0,0,0,0,0,0,0,0,0,0,0,0,0,0,"0,0,0,0,0,0,0,0,0,0","0,0,0,0,0,0,0,0,0,0"
3,百分比攻击力,2093,法杖2突破固定值,0,8.0000000000000002E-3,0,0,0,0,0,0,0,0,0,0,0,0,0,0,0,0,0,0,0,0,0,0,0,0,0,0,0,0,0,0,0,0,0,0,0,0,0,0,0,0,0,0,0,0,0,0,0,0,0,0,0,"0,0,0,0,0,0,0,0,0,0","0,0,0,0,0,0,0,0,0,0"
4,百分比攻击力,2094,法杖3突破成长率,0,2.5999999999999999E-3,0,0,0,0,0,0,0,0,0,0,0,0,0,0,0,0,0,0,0,0,0,0,0,0,0,0,0,0,0,0,0,0,0,0,0,0,0,0,0,0,0,0,0,0,0,0,0,0,0,0,0,"0,0,0,0,0,0,0,0,0,0","0,0,0,0,0,0,0,0,0,0"
5,暴击率,2095,法杖3突破固定值,0,8.0000000000000002E-3,0,0,0,0,0,0,0,0,0,0,0,0,0,0,0,0,0,0,0,0,0,0,0,0,0,0,0,0,0,0,0,0,0,0,0,0,0,0,0,0,0,0,0,0,0,0,0,0,0,0,0,"0,0,0,0,0,0,0,0,0,0","0,0,0,0,0,0,0,0,0,0"
6,暴击倍数,2096,法杖4突破成长率,0,2.5999999999999999E-3,0,0,0,0,0,0,0,0,0,0,0,0,0,0,0,0,0,0,0,0,0,0,0,0,0,0,0,0,0,0,0,0,0,0,0,0,0,0,0,0,0,0,0,0,0,0,0,0,0,0,0,"0,0,0,0,0,0,0,0,0,0","0,0,0,0,0,0,0,0,0,0"
7,百分比攻击力,2097,法杖4突破固定值,0,8.0000000000000002E-3,0,0,0,0,0,0,0,0,0,0,0,0,0,0,0,0,0,0,0,0,0,0,0,0,0,0,0,0,0,0,0,0,0,0,0,0,0,0,0,0,0,0,0,0,0,0,0,0,0,0,0,"0,0,0,0,0,0,0,0,0,0","0,0,0,0,0,0,0,0,0,0"
8,百分比攻击力,2098,法杖5突破成长率,0,0,0,0,0,0,0,0,2.8E-3,0,0,0,0,0,0,0,0,0,0,0,0,0,0,0,0,0,0,0,0,0,0,0,0,0,0,0,0,0,0,0,0,0,0,0,0,0,0,0,0,0,0,0,0,"0,0,0,0,0,0,0,0,0,0","0,0,0,0,0,0,0,0,0,0"
9,暴击率,2099,法杖5突破固定值,0,0,0,0,0,0,0,0,0.01,0,0,0,0,0,0,0,0,0,0,0,0,0,0,0,0,0,0,0,0,0,0,0,0,0,0,0,0,0,0,0,0,0,0,0,0,0,0,0,0,0,0,0,0,"0,0,0,0,0,0,0,0,0,0","0,0,0,0,0,0,0,0,0,0"
10,效果命中,2100,法杖6突破成长率,0,0,0,0,0,0,0,0,0,5.8999999999999999E-3,0,0,0,0,0,0,0,0,0,0,0,0,0,0,0,0,0,0,0,0,0,0,0,0,0,0,0,0,0,0,0,0,0,0,0,0,0,0,0,0,0,0,0,"0,0,0,0,0,0,0,0,0,0","0,0,0,0,0,0,0,0,0,0"
,,2101,法杖6突破固定值,0,0,0,0,0,0,0,0,0,0.01,0,0,0,0,0,0,0,0,0,0,0,0,0,0,0,0,0,0,0,0,0,0,0,0,0,0,0,0,0,0,0,0,0,0,0,0,0,0,0,0,0,0,0,"0,0,0,0,0,0,0,0,0,0","0,0,0,0,0,0,0,0,0,0"
,,2102,法杖7突破成长率,0,2.5999999999999999E-3,0,0,0,0,0,0,0,0,0,0,0,0,0,0,0,0,0,0,0,0,0,0,0,0,0,0,0,0,0,0,0,0,0,0,0,0,0,0,0,0,0,0,0,0,0,0,0,0,0,0,0,"0,0,0,0,0,0,0,0,0,0","0,0,0,0,0,0,0,0,0,0"
,,2103,法杖7突破固定值,0,8.0000000000000002E-3,0,0,0,0,0,0,0,0,0,0,0,0,0,0,0,0,0,0,0,0,0,0,0,0,0,0,0,0,0,0,0,0,0,0,0,0,0,0,0,0,0,0,0,0,0,0,0,0,0,0,0,"0,0,0,0,0,0,0,0,0,0","0,0,0,0,0,0,0,0,0,0"
,,2104,法杖8突破成长率,0,2.5999999999999999E-3,0,0,0,0,0,0,0,0,0,0,0,0,0,0,0,0,0,0,0,0,0,0,0,0,0,0,0,0,0,0,0,0,0,0,0,0,0,0,0,0,0,0,0,0,0,0,0,0,0,0,0,"0,0,0,0,0,0,0,0,0,0","0,0,0,0,0,0,0,0,0,0"
,,2105,法杖8突破固定值,0,8.0000000000000002E-3,0,0,0,0,0,0,0,0,0,0,0,0,0,0,0,0,0,0,0,0,0,0,0,0,0,0,0,0,0,0,0,0,0,0,0,0,0,0,0,0,0,0,0,0,0,0,0,0,0,0,0,"0,0,0,0,0,0,0,0,0,0","0,0,0,0,0,0,0,0,0,0"
,,2106,法杖9突破成长率,0,0,0,0,0,0,0,0,2.8E-3,0,0,0,0,0,0,0,0,0,0,0,0,0,0,0,0,0,0,0,0,0,0,0,0,0,0,0,0,0,0,0,0,0,0,0,0,0,0,0,0,0,0,0,0,"0,0,0,0,0,0,0,0,0,0","0,0,0,0,0,0,0,0,0,0"
,,2107,法杖9突破固定值,0,0,0,0,0,0,0,0,0.01,0,0,0,0,0,0,0,0,0,0,0,0,0,0,0,0,0,0,0,0,0,0,0,0,0,0,0,0,0,0,0,0,0,0,0,0,0,0,0,0,0,0,0,0,"0,0,0,0,0,0,0,0,0,0","0,0,0,0,0,0,0,0,0,0"
,,2108,法杖10突破成长率,0,0,0,0,0,0,0,0,0,0,0,0,0,0,0,0,0,0,0,20,0,0,0,0,0,0,0,0,0,0,0,0,0,0,0,0,0,0,0,0,0,0,0,0,0,0,0,0,0,0,0,0,0,"0,0,0,0,0,0,0,0,0,0","0,0,0,0,0,0,0,0,0,0"
,,2109,法杖10突破固定值,0,0,0,0,0,0,0,0,0,0,0,0,0,0,0,0,0,0,0,25,0,0,0,0,0,0,0,0,0,0,0,0,0,0,0,0,0,0,0,0,0,0,0,0,0,0,0,0,0,0,0,0,0,"0,0,0,0,0,0,0,0,0,0","0,0,0,0,0,0,0,0,0,0"
召唤物种类,第2条属性,2110,召唤物1突破成长率,0,0,0,0,0,0,0,0,0,0,0,0,0,0,0,0,0,0,0,0,0,0,0,0,0,0,0,0,0,0,0,0,0,0,0,0,0,0,0,0,0,0,0,0,0,0,0,0,0,0,0,0,0,"0,0,0,0,0,0,0,0,0,0","0,0,0,0,0,0,0,0,0,0"
1,-1,2111,召唤物1突破固定值,0,0,0,0,0,0,0,0,0,0,0,0,0,0,0,0,0,0,0,0,0,0,0,0,0,0,0,0,0,0,0,0,0,0,0,0,0,0,0,0,0,0,0,0,0,0,0,0,0,0,0,0,0,"0,0,0,0,0,0,0,0,0,0","0,0,0,0,0,0,0,0,0,0"
2,百分比攻击力,2112,召唤物2突破成长率,0,2.5999999999999999E-3,0,0,0,0,0,0,0,0,0,0,0,0,0,0,0,0,0,0,0,0,0,0,0,0,0,0,0,0,0,0,0,0,0,0,0,0,0,0,0,0,0,0,0,0,0,0,0,0,0,0,0,"0,0,0,0,0,0,0,0,0,0","0,0,0,0,0,0,0,0,0,0"
3,百分比攻击力,2113,召唤物2突破固定值,0,8.0000000000000002E-3,0,0,0,0,0,0,0,0,0,0,0,0,0,0,0,0,0,0,0,0,0,0,0,0,0,0,0,0,0,0,0,0,0,0,0,0,0,0,0,0,0,0,0,0,0,0,0,0,0,0,0,"0,0,0,0,0,0,0,0,0,0","0,0,0,0,0,0,0,0,0,0"
4,百分比攻击力,2114,召唤物3突破成长率,0,2.5999999999999999E-3,0,0,0,0,0,0,0,0,0,0,0,0,0,0,0,0,0,0,0,0,0,0,0,0,0,0,0,0,0,0,0,0,0,0,0,0,0,0,0,0,0,0,0,0,0,0,0,0,0,0,0,"0,0,0,0,0,0,0,0,0,0","0,0,0,0,0,0,0,0,0,0"
5,暴击率,2115,召唤物3突破固定值,0,8.0000000000000002E-3,0,0,0,0,0,0,0,0,0,0,0,0,0,0,0,0,0,0,0,0,0,0,0,0,0,0,0,0,0,0,0,0,0,0,0,0,0,0,0,0,0,0,0,0,0,0,0,0,0,0,0,"0,0,0,0,0,0,0,0,0,0","0,0,0,0,0,0,0,0,0,0"
6,暴击倍数,2116,召唤物4突破成长率,0,2.5999999999999999E-3,0,0,0,0,0,0,0,0,0,0,0,0,0,0,0,0,0,0,0,0,0,0,0,0,0,0,0,0,0,0,0,0,0,0,0,0,0,0,0,0,0,0,0,0,0,0,0,0,0,0,0,"0,0,0,0,0,0,0,0,0,0","0,0,0,0,0,0,0,0,0,0"
7,百分比攻击力,2117,召唤物4突破固定值,0,8.0000000000000002E-3,0,0,0,0,0,0,0,0,0,0,0,0,0,0,0,0,0,0,0,0,0,0,0,0,0,0,0,0,0,0,0,0,0,0,0,0,0,0,0,0,0,0,0,0,0,0,0,0,0,0,0,"0,0,0,0,0,0,0,0,0,0","0,0,0,0,0,0,0,0,0,0"
8,百分比攻击力,2118,召唤物5突破成长率,0,0,0,0,0,0,0,0,2.8E-3,0,0,0,0,0,0,0,0,0,0,0,0,0,0,0,0,0,0,0,0,0,0,0,0,0,0,0,0,0,0,0,0,0,0,0,0,0,0,0,0,0,0,0,0,"0,0,0,0,0,0,0,0,0,0","0,0,0,0,0,0,0,0,0,0"
9,百分比治疗量,2119,召唤物5突破固定值,0,0,0,0,0,0,0,0,0.01,0,0,0,0,0,0,0,0,0,0,0,0,0,0,0,0,0,0,0,0,0,0,0,0,0,0,0,0,0,0,0,0,0,0,0,0,0,0,0,0,0,0,0,0,"0,0,0,0,0,0,0,0,0,0","0,0,0,0,0,0,0,0,0,0"
10,效果命中,2120,召唤物6突破成长率,0,0,0,0,0,0,0,0,0,5.8999999999999999E-3,0,0,0,0,0,0,0,0,0,0,0,0,0,0,0,0,0,0,0,0,0,0,0,0,0,0,0,0,0,0,0,0,0,0,0,0,0,0,0,0,0,0,0,"0,0,0,0,0,0,0,0,0,0","0,0,0,0,0,0,0,0,0,0"
,,2121,召唤物6突破固定值,0,0,0,0,0,0,0,0,0,0.01,0,0,0,0,0,0,0,0,0,0,0,0,0,0,0,0,0,0,0,0,0,0,0,0,0,0,0,0,0,0,0,0,0,0,0,0,0,0,0,0,0,0,0,"0,0,0,0,0,0,0,0,0,0","0,0,0,0,0,0,0,0,0,0"
,,2122,召唤物7突破成长率,0,2.5999999999999999E-3,0,0,0,0,0,0,0,0,0,0,0,0,0,0,0,0,0,0,0,0,0,0,0,0,0,0,0,0,0,0,0,0,0,0,0,0,0,0,0,0,0,0,0,0,0,0,0,0,0,0,0,"0,0,0,0,0,0,0,0,0,0","0,0,0,0,0,0,0,0,0,0"
,,2123,召唤物7突破固定值,0,8.0000000000000002E-3,0,0,0,0,0,0,0,0,0,0,0,0,0,0,0,0,0,0,0,0,0,0,0,0,0,0,0,0,0,0,0,0,0,0,0,0,0,0,0,0,0,0,0,0,0,0,0,0,0,0,0,"0,0,0,0,0,0,0,0,0,0","0,0,0,0,0,0,0,0,0,0"
,,2124,召唤物8突破成长率,0,2.5999999999999999E-3,0,0,0,0,0,0,0,0,0,0,0,0,0,0,0,0,0,0,0,0,0,0,0,0,0,0,0,0,0,0,0,0,0,0,0,0,0,0,0,0,0,0,0,0,0,0,0,0,0,0,0,"0,0,0,0,0,0,0,0,0,0","0,0,0,0,0,0,0,0,0,0"
,,2125,召唤物8突破固定值,0,8.0000000000000002E-3,0,0,0,0,0,0,0,0,0,0,0,0,0,0,0,0,0,0,0,0,0,0,0,0,0,0,0,0,0,0,0,0,0,0,0,0,0,0,0,0,0,0,0,0,0,0,0,0,0,0,0,"0,0,0,0,0,0,0,0,0,0","0,0,0,0,0,0,0,0,0,0"
,,2126,召唤物9突破成长率,0,0,0,0,0,0,0,0,0,0,0,0,5.0000000000000001E-3,0,0,0,0,0,0,0,0,0,0,0,0,0,0,0,0,0,0,0,0,0,0,0,0,0,0,0,0,0,0,0,0,0,0,0,0,0,0,0,0,"0,0,0,0,0,0,0,0,0,0","0,0,0,0,0,0,0,0,0,0"
,,2127,召唤物9突破固定值,0,0,0,0,0,0,0,0,0,0,0,0,8.0000000000000002E-3,0,0,0,0,0,0,0,0,0,0,0,0,0,0,0,0,0,0,0,0,0,0,0,0,0,0,0,0,0,0,0,0,0,0,0,0,0,0,0,0,"0,0,0,0,0,0,0,0,0,0","0,0,0,0,0,0,0,0,0,0"
,,2128,召唤物10突破成长率,0,0,0,0,0,0,0,0,0,0,0,0,0,0,0,0,0,0,0,20,0,0,0,0,0,0,0,0,0,0,0,0,0,0,0,0,0,0,0,0,0,0,0,0,0,0,0,0,0,0,0,0,0,"0,0,0,0,0,0,0,0,0,0","0,0,0,0,0,0,0,0,0,0"
,,2129,召唤物10突破固定值,0,0,0,0,0,0,0,0,0,0,0,0,0,0,0,0,0,0,0,25,0,0,0,0,0,0,0,0,0,0,0,0,0,0,0,0,0,0,0,0,0,0,0,0,0,0,0,0,0,0,0,0,0,"0,0,0,0,0,0,0,0,0,0","0,0,0,0,0,0,0,0,0,0"
,,3000,晶石位置1攻击力成长率,2,0,0,0,0,0,0,0,0,0,0,0,0,0,0,0,0,0,0,0,0,0,0,0,0,0,0,0,0,0,0,0,0,0,0,0,0,0,0,0,0,0,0,0,0,0,0,0,0,0,0,0,0,"0,0,0,0,0,0,0,0,0,0","0,0,0,0,0,0,0,0,0,0"
,,3001,晶石位置1攻击力固定值,60,0,0,0,0,0,0,0,0,0,0,0,0,0,0,0,0,0,0,0,0,0,0,0,0,0,0,0,0,0,0,0,0,0,0,0,0,0,0,0,0,0,0,0,0,0,0,0,0,0,0,0,0,"0,0,0,0,0,0,0,0,0,0","0,0,0,0,0,0,0,0,0,0"
,,3010,晶石位置2生命值成长率,0,0,0,0,0,0,0,0,0,0,0,0,0,0,0,0,0,0,0,0,0,90,0,0,0,0,0,0,0,0,0,0,0,0,0,0,0,0,0,0,0,0,0,0,0,0,0,0,0,0,0,0,0,"0,0,0,0,0,0,0,0,0,0","0,0,0,0,0,0,0,0,0,0"
,,3011,晶石位置2生命值固定值,0,0,0,0,0,0,0,0,0,0,0,0,0,0,0,0,0,0,0,0,0,1200,0,0,0,0,0,0,0,0,0,0,0,0,0,0,0,0,0,0,0,0,0,0,0,0,0,0,0,0,0,0,0,"0,0,0,0,0,0,0,0,0,0","0,0,0,0,0,0,0,0,0,0"
,,3020,晶石位置3防御力成长率,0,0,4.5,0,0,0,0,0,0,0,0,0,0,0,0,0,0,0,0,0,0,0,0,0,0,0,0,0,0,0,0,0,0,0,0,0,0,0,0,0,0,0,0,0,0,0,0,0,0,0,0,0,0,"0,0,0,0,0,0,0,0,0,0","0,0,0,0,0,0,0,0,0,0"
,,3021,晶石位置3防御力固定值,0,0,60,0,0,0,0,0,0,0,0,0,0,0,0,0,0,0,0,0,0,0,0,0,0,0,0,0,0,0,0,0,0,0,0,0,0,0,0,0,0,0,0,0,0,0,0,0,0,0,0,0,0,"0,0,0,0,0,0,0,0,0,0","0,0,0,0,0,0,0,0,0,0"
,,3030,晶石位置4百分比时速成长率,0,0,0,0,0,0,0,0,0,0,0,0,0,0,0,0,0,0,2E-3,0,0,0,0,0,0,0,0,0,0,0,0,0,0,0,0,0,0,0,0,0,0,0,0,0,0,0,0,0,0,0,0,0,0,"0,0,0,0,0,0,0,0,0,0","0,0,0,0,0,0,0,0,0,0"
,,3031,晶石位置4百分比时速固定值,0,0,0,0,0,0,0,0,0,0,0,0,0,0,0,0,0,0,5.0000000000000001E-3,0,0,0,0,0,0,0,0,0,0,0,0,0,0,0,0,0,0,0,0,0,0,0,0,0,0,0,0,0,0,0,0,0,0,"0,0,0,0,0,0,0,0,0,0","0,0,0,0,0,0,0,0,0,0"
,,3032,晶石位置4百分比移速成长率,0,0,0,0,0,0,0,0,0,0,0,0,0,0,0,0,2E-3,0,0,0,0,0,0,0,0,0,0,0,0,0,0,0,0,0,0,0,0,0,0,0,0,0,0,0,0,0,0,0,0,0,0,0,0,"0,0,0,0,0,0,0,0,0,0","0,0,0,0,0,0,0,0,0,0"
,,3033,晶石位置4百分比移速固定值,0,0,0,0,0,0,0,0,0,0,0,0,0,0,0,0,5.0000000000000001E-3,0,0,0,0,0,0,0,0,0,0,0,0,0,0,0,0,0,0,0,0,0,0,0,0,0,0,0,0,0,0,0,0,0,0,0,0,"0,0,0,0,0,0,0,0,0,0","0,0,0,0,0,0,0,0,0,0"
,,3034,晶石位置4百分比攻击力成长率,0,2.5999999999999999E-3,0,0,0,0,0,0,0,0,0,0,0,0,0,0,0,0,0,0,0,0,0,0,0,0,0,0,0,0,0,0,0,0,0,0,0,0,0,0,0,0,0,0,0,0,0,0,0,0,0,0,0,"0,0,0,0,0,0,0,0,0,0","0,0,0,0,0,0,0,0,0,0"
,,3035,晶石位置4百分比攻击力固定值,0,5.0000000000000001E-3,0,0,0,0,0,0,0,0,0,0,0,0,0,0,0,0,0,0,0,0,0,0,0,0,0,0,0,0,0,0,0,0,0,0,0,0,0,0,0,0,0,0,0,0,0,0,0,0,0,0,0,"0,0,0,0,0,0,0,0,0,0","0,0,0,0,0,0,0,0,0,0"
,,3036,晶石位置4百分比防御力成长率,0,0,0,2.5999999999999999E-3,0,0,0,0,0,0,0,0,0,0,0,0,0,0,0,0,0,0,0,0,0,0,0,0,0,0,0,0,0,0,0,0,0,0,0,0,0,0,0,0,0,0,0,0,0,0,0,0,0,"0,0,0,0,0,0,0,0,0,0","0,0,0,0,0,0,0,0,0,0"
,,3037,晶石位置4百分比防御力固定值,0,0,0,5.0000000000000001E-3,0,0,0,0,0,0,0,0,0,0,0,0,0,0,0,0,0,0,0,0,0,0,0,0,0,0,0,0,0,0,0,0,0,0,0,0,0,0,0,0,0,0,0,0,0,0,0,0,0,"0,0,0,0,0,0,0,0,0,0","0,0,0,0,0,0,0,0,0,0"
,,3038,晶石位置4百分比生命值成长率,0,0,0,0,0,0,0,0,0,0,0,0,0,0,0,0,0,0,0,0,0,0,2.5999999999999999E-3,0,0,0,0,0,0,0,0,0,0,0,0,0,0,0,0,0,0,0,0,0,0,0,0,0,0,0,0,0,0,"0,0,0,0,0,0,0,0,0,0","0,0,0,0,0,0,0,0,0,0"
,,3039,晶石位置4百分比生命值固定值,0,0,0,0,0,0,0,0,0,0,0,0,0,0,0,0,0,0,0,0,0,0,5.0000000000000001E-3,0,0,0,0,0,0,0,0,0,0,0,0,0,0,0,0,0,0,0,0,0,0,0,0,0,0,0,0,0,0,"0,0,0,0,0,0,0,0,0,0","0,0,0,0,0,0,0,0,0,0"
,,3050,晶石位置5地伤害加成成长率,0,0,0,0,0,0,0,0,0,0,0,0,0,0,0,0,0,0,0,0,0,0,0,0,0,0,0,0,0,0,0,0,0,0,2.5999999999999999E-3,0,0,0,0,0,0,0,0,0,0,0,0,0,0,0,0,0,0,"0,0.0026,0,0,0,0,0,0,0,0","0,0,0,0,0,0,0,0,0,0"
,,3051,晶石位置5水伤害加成成长率,0,0,0,0,0,0,0,0,0,0,0,0,0,0,0,0,0,0,0,0,0,0,0,0,0,0,0,0,0,0,0,0,0,0,0,2.5999999999999999E-3,0,0,0,0,0,0,0,0,0,0,0,0,0,0,0,0,0,"0,0,0.0026,0,0,0,0,0,0,0","0,0,0,0,0,0,0,0,0,0"
,,3052,晶石位置5火伤害加成成长率,0,0,0,0,0,0,0,0,0,0,0,0,0,0,0,0,0,0,0,0,0,0,0,0,0,0,0,0,0,0,0,0,0,0,0,0,2.5999999999999999E-3,0,0,0,0,0,0,0,0,0,0,0,0,0,0,0,0,"0,0,0,0.0026,0,0,0,0,0,0","0,0,0,0,0,0,0,0,0,0"
,,3053,晶石位置5风伤害加成成长率,0,0,0,0,0,0,0,0,0,0,0,0,0,0,0,0,0,0,0,0,0,0,0,0,0,0,0,0,0,0,0,0,0,0,0,0,0,2.5999999999999999E-3,0,0,0,0,0,0,0,0,0,0,0,0,0,0,0,"0,0,0,0,0.0026,0,0,0,0,0","0,0,0,0,0,0,0,0,0,0"
,,3054,晶石位置5雷伤害加成成长率,0,0,0,0,0,0,0,0,0,0,0,0,0,0,0,0,0,0,0,0,0,0,0,0,0,0,0,0,0,0,0,0,0,0,0,0,0,0,2.5999999999999999E-3,0,0,0,0,0,0,0,0,0,0,0,0,0,0,"0,0,0,0,0,0.0026,0,0,0,0","0,0,0,0,0,0,0,0,0,0"
,,3055,晶石位置5时伤害加成成长率,0,0,0,0,0,0,0,0,0,0,0,0,0,0,0,0,0,0,0,0,0,0,0,0,0,0,0,0,0,0,0,0,0,0,0,0,0,0,0,2.5999999999999999E-3,0,0,0,0,0,0,0,0,0,0,0,0,0,"0,0,0,0,0,0,0.0026,0,0,0","0,0,0,0,0,0,0,0,0,0"
,,3056,晶石位置5空伤害加成成长率,0,0,0,0,0,0,0,0,0,0,0,0,0,0,0,0,0,0,0,0,0,0,0,0,0,0,0,0,0,0,0,0,0,0,0,0,0,0,0,0,2.5999999999999999E-3,0,0,0,0,0,0,0,0,0,0,0,0,"0,0,0,0,0,0,0,0.0026,0,0","0,0,0,0,0,0,0,0,0,0"
,,3057,晶石位置5钢伤害加成成长率,0,0,0,0,0,0,0,0,0,0,0,0,0,0,0,0,0,0,0,0,0,0,0,0,0,0,0,0,0,0,0,0,0,0,0,0,0,0,0,0,0,2.5999999999999999E-3,0,0,0,0,0,0,0,0,0,0,0,"0,0,0,0,0,0,0,0,0.0026,0","0,0,0,0,0,0,0,0,0,0"
,,3058,晶石位置5灭伤害加成成长率,0,0,0,0,0,0,0,0,0,0,0,0,0,0,0,0,0,0,0,0,0,0,0,0,0,0,0,0,0,0,0,0,0,0,0,0,0,0,0,0,0,0,2.5999999999999999E-3,0,0,0,0,0,0,0,0,0,0,"0,0,0,0,0,0,0,0,0,0.0026","0,0,0,0,0,0,0,0,0,0"
,,3059,晶石位置5地伤害加成固定值,0,0,0,0,0,0,0,0,0,0,0,0,0,0,0,0,0,0,0,0,0,0,0,0,0,0,0,0,0,0,0,0,0,0,5.0000000000000001E-3,0,0,0,0,0,0,0,0,0,0,0,0,0,0,0,0,0,0,"0,0.005,0,0,0,0,0,0,0,0","0,0,0,0,0,0,0,0,0,0"
,,3060,晶石位置5水伤害加成固定值,0,0,0,0,0,0,0,0,0,0,0,0,0,0,0,0,0,0,0,0,0,0,0,0,0,0,0,0,0,0,0,0,0,0,0,5.0000000000000001E-3,0,0,0,0,0,0,0,0,0,0,0,0,0,0,0,0,0,"0,0,0.005,0,0,0,0,0,0,0","0,0,0,0,0,0,0,0,0,0"
,,3061,晶石位置5火伤害加成固定值,0,0,0,0,0,0,0,0,0,0,0,0,0,0,0,0,0,0,0,0,0,0,0,0,0,0,0,0,0,0,0,0,0,0,0,0,5.0000000000000001E-3,0,0,0,0,0,0,0,0,0,0,0,0,0,0,0,0,"0,0,0,0.005,0,0,0,0,0,0","0,0,0,0,0,0,0,0,0,0"
,,3062,晶石位置5风伤害加成固定值,0,0,0,0,0,0,0,0,0,0,0,0,0,0,0,0,0,0,0,0,0,0,0,0,0,0,0,0,0,0,0,0,0,0,0,0,0,5.0000000000000001E-3,0,0,0,0,0,0,0,0,0,0,0,0,0,0,0,"0,0,0,0,0.005,0,0,0,0,0","0,0,0,0,0,0,0,0,0,0"
,,3063,晶石位置5雷伤害加成固定值,0,0,0,0,0,0,0,0,0,0,0,0,0,0,0,0,0,0,0,0,0,0,0,0,0,0,0,0,0,0,0,0,0,0,0,0,0,0,5.0000000000000001E-3,0,0,0,0,0,0,0,0,0,0,0,0,0,0,"0,0,0,0,0,0.005,0,0,0,0","0,0,0,0,0,0,0,0,0,0"
,,3064,晶石位置5时伤害加成固定值,0,0,0,0,0,0,0,0,0,0,0,0,0,0,0,0,0,0,0,0,0,0,0,0,0,0,0,0,0,0,0,0,0,0,0,0,0,0,0,5.0000000000000001E-3,0,0,0,0,0,0,0,0,0,0,0,0,0,"0,0,0,0,0,0,0.005,0,0,0","0,0,0,0,0,0,0,0,0,0"
,,3065,晶石位置5空伤害加成固定值,0,0,0,0,0,0,0,0,0,0,0,0,0,0,0,0,0,0,0,0,0,0,0,0,0,0,0,0,0,0,0,0,0,0,0,0,0,0,0,0,5.0000000000000001E-3,0,0,0,0,0,0,0,0,0,0,0,0,"0,0,0,0,0,0,0,0.005,0,0","0,0,0,0,0,0,0,0,0,0"
,,3066,晶石位置5钢伤害加成固定值,0,0,0,0,0,0,0,0,0,0,0,0,0,0,0,0,0,0,0,0,0,0,0,0,0,0,0,0,0,0,0,0,0,0,0,0,0,0,0,0,0,5.0000000000000001E-3,0,0,0,0,0,0,0,0,0,0,0,"0,0,0,0,0,0,0,0,0.005,0","0,0,0,0,0,0,0,0,0,0"
,,3067,晶石位置5灭伤害加成固定值,0,0,0,0,0,0,0,0,0,0,0,0,0,0,0,0,0,0,0,0,0,0,0,0,0,0,0,0,0,0,0,0,0,0,0,0,0,0,0,0,0,0,5.0000000000000001E-3,0,0,0,0,0,0,0,0,0,0,"0,0,0,0,0,0,0,0,0,0.005","0,0,0,0,0,0,0,0,0,0"
,,3068,晶石位置5物理伤害加成成长率,0,0,0,0,0,0,0,0,0,0,0,0,0,0,0,0,0,0,0,0,0,0,0,0,0,0,0,0,0,0,0,0,0,2.5999999999999999E-3,0,0,0,0,0,0,0,0,0,0,0,0,0,0,0,0,0,0,0,"0.0026,0,0,0,0,0,0,0,0,0","0,0,0,0,0,0,0,0,0,0"
,,3069,晶石位置5物理伤害加成固定值,0,0,0,0,0,0,0,0,0,0,0,0,0,0,0,0,0,0,0,0,0,0,0,0,0,0,0,0,0,0,0,0,0,5.0000000000000001E-3,0,0,0,0,0,0,0,0,0,0,0,0,0,0,0,0,0,0,0,"0.005,0,0,0,0,0,0,0,0,0","0,0,0,0,0,0,0,0,0,0"
,,3070,晶石位置5百分比攻击力成长率,0,2.5999999999999999E-3,0,0,0,0,0,0,0,0,0,0,0,0,0,0,0,0,0,0,0,0,0,0,0,0,0,0,0,0,0,0,0,0,0,0,0,0,0,0,0,0,0,0,0,0,0,0,0,0,0,0,0,"0,0,0,0,0,0,0,0,0,0","0,0,0,0,0,0,0,0,0,0"
,,3071,晶石位置5百分比攻击力固定值,0,5.0000000000000001E-3,0,0,0,0,0,0,0,0,0,0,0,0,0,0,0,0,0,0,0,0,0,0,0,0,0,0,0,0,0,0,0,0,0,0,0,0,0,0,0,0,0,0,0,0,0,0,0,0,0,0,0,"0,0,0,0,0,0,0,0,0,0","0,0,0,0,0,0,0,0,0,0"
,,3072,晶石位置5百分比防御力成长率,0,0,0,2.5999999999999999E-3,0,0,0,0,0,0,0,0,0,0,0,0,0,0,0,0,0,0,0,0,0,0,0,0,0,0,0,0,0,0,0,0,0,0,0,0,0,0,0,0,0,0,0,0,0,0,0,0,0,"0,0,0,0,0,0,0,0,0,0","0,0,0,0,0,0,0,0,0,0"
,,3073,晶石位置5百分比防御力固定值,0,0,0,5.0000000000000001E-3,0,0,0,0,0,0,0,0,0,0,0,0,0,0,0,0,0,0,0,0,0,0,0,0,0,0,0,0,0,0,0,0,0,0,0,0,0,0,0,0,0,0,0,0,0,0,0,0,0,"0,0,0,0,0,0,0,0,0,0","0,0,0,0,0,0,0,0,0,0"
,,3074,晶石位置5百分比生命值成长率,0,0,0,0,0,0,0,0,0,0,0,0,0,0,0,0,0,0,0,0,0,0,2.5999999999999999E-3,0,0,0,0,0,0,0,0,0,0,0,0,0,0,0,0,0,0,0,0,0,0,0,0,0,0,0,0,0,0,"0,0,0,0,0,0,0,0,0,0","0,0,0,0,0,0,0,0,0,0"
,,3075,晶石位置5百分比生命值固定值,0,0,0,0,0,0,0,0,0,0,0,0,0,0,0,0,0,0,0,0,0,0,5.0000000000000001E-3,0,0,0,0,0,0,0,0,0,0,0,0,0,0,0,0,0,0,0,0,0,0,0,0,0,0,0,0,0,0,"0,0,0,0,0,0,0,0,0,0","0,0,0,0,0,0,0,0,0,0"
,,3076,晶石位置6暴击值成长率,0,0,0,0,0,0,0,0,2.3999999999999998E-3,0,0,0,0,0,0,0,0,0,0,0,0,0,5.0000000000000001E-3,0,0,0,0,0,0,0,0,0,0,0,0,0,0,0,0,0,0,0,0,0,0,0,0,0,0,0,0,0,0,"0,0,0,0,0,0,0,0,0,0","0,0,0,0,0,0,0,0,0,0"
,,3077,晶石位置6暴击值固定值,0,0,0,0,0,0,0,0,0.01,0,0,0,0,0,0,0,0,0,0,0,0,0,5.0000000000000001E-3,0,0,0,0,0,0,0,0,0,0,0,0,0,0,0,0,0,0,0,0,0,0,0,0,0,0,0,0,0,0,"0,0,0,0,0,0,0,0,0,0","0,0,0,0,0,0,0,0,0,0"
,,3078,晶石位置6暴击倍数成长率,0,0,0,0,0,0,0,0,0,5.0000000000000001E-3,0,0,0,0,0,0,0,0,0,0,0,0,5.0000000000000001E-3,0,0,0,0,0,0,0,0,0,0,0,0,0,0,0,0,0,0,0,0,0,0,0,0,0,0,0,0,0,0,"0,0,0,0,0,0,0,0,0,0","0,0,0,0,0,0,0,0,0,0"
,,3079,晶石位置6暴击倍数固定值,0,0,0,0,0,0,0,0,0,0.01,0,0,0,0,0,0,0,0,0,0,0,0,5.0000000000000001E-3,0,0,0,0,0,0,0,0,0,0,0,0,0,0,0,0,0,0,0,0,0,0,0,0,0,0,0,0,0,0,"0,0,0,0,0,0,0,0,0,0","0,0,0,0,0,0,0,0,0,0"
,,3080,晶石位置6百分比攻击力成长率,0,2.5999999999999999E-3,0,0,0,0,0,0,0,0,0,0,0,0,0,0,0,0,0,0,0,0,0,0,0,0,0,0,0,0,0,0,0,0,0,0,0,0,0,0,0,0,0,0,0,0,0,0,0,0,0,0,0,"0,0,0,0,0,0,0,0,0,0","0,0,0,0,0,0,0,0,0,0"
,,3081,晶石位置6百分比攻击力固定值,0,5.0000000000000001E-3,0,0,0,0,0,0,0,0,0,0,0,0,0,0,0,0,0,0,0,0,0,0,0,0,0,0,0,0,0,0,0,0,0,0,0,0,0,0,0,0,0,0,0,0,0,0,0,0,0,0,0,"0,0,0,0,0,0,0,0,0,0","0,0,0,0,0,0,0,0,0,0"
,,3082,晶石位置6百分比防御力成长率,0,0,0,2.5999999999999999E-3,0,0,0,0,0,0,0,0,0,0,0,0,0,0,0,0,0,0,0,0,0,0,0,0,0,0,0,0,0,0,0,0,0,0,0,0,0,0,0,0,0,0,0,0,0,0,0,0,0,"0,0,0,0,0,0,0,0,0,0","0,0,0,0,0,0,0,0,0,0"
,,3083,晶石位置6百分比防御力固定值,0,0,0,5.0000000000000001E-3,0,0,0,0,0,0,0,0,0,0,0,0,0,0,0,0,0,0,0,0,0,0,0,0,0,0,0,0,0,0,0,0,0,0,0,0,0,0,0,0,0,0,0,0,0,0,0,0,0,"0,0,0,0,0,0,0,0,0,0","0,0,0,0,0,0,0,0,0,0"
,,3084,晶石位置6百分比生命值成长率,0,0,0,0,0,0,0,0,0,0,0,0,0,0,0,0,0,0,0,0,0,0,2.5999999999999999E-3,0,0,0,0,0,0,0,0,0,0,0,0,0,0,0,0,0,0,0,0,0,0,0,0,0,0,0,0,0,0,"0,0,0,0,0,0,0,0,0,0","0,0,0,0,0,0,0,0,0,0"
,,3085,晶石位置6百分比生命值固定值,0,0,0,0,0,0,0,0,0,0,0,0,0,0,0,0,0,0,0,0,0,0,5.0000000000000001E-3,0,0,0,0,0,0,0,0,0,0,0,0,0,0,0,0,0,0,0,0,0,0,0,0,0,0,0,0,0,0,"0,0,0,0,0,0,0,0,0,0","0,0,0,0,0,0,0,0,0,0"
,,3086,晶石位置6百分比治疗量成长率,0,0,0,0,0,0,0,0,0,0,0,0,3.0000000000000001E-3,0,0,0,0,0,0,0,0,0,5.0000000000000001E-3,0,0,0,0,0,0,0,0,0,0,0,0,0,0,0,0,0,0,0,0,0,0,0,0,0,0,0,0,0,0,"0,0,0,0,0,0,0,0,0,0","0,0,0,0,0,0,0,0,0,0"
,,3087,晶石位置6百分比治疗量固定值,0,0,0,0,0,0,0,0,0,0,0,0,5.0000000000000001E-3,0,0,0,0,0,0,0,0,0,5.0000000000000001E-3,0,0,0,0,0,0,0,0,0,0,0,0,0,0,0,0,0,0,0,0,0,0,0,0,0,0,0,0,0,0,"0,0,0,0,0,0,0,0,0,0","0,0,0,0,0,0,0,0,0,0"
,,3200,副属性位置1攻击力,18,0,0,0,0,0,0,0,0,0,0,0,0,0,0,0,0,0,0,0,0,0,0,0,0,0,0,0,0,0,0,0,0,0,0,0,0,0,0,0,0,0,0,0,0,0,0,0,0,0,0,0,0,"0,0,0,0,0,0,0,0,0,0","0,0,0,0,0,0,0,0,0,0"
,,3201,副属性位置1防御力,0,0,18,0,0,0,0,0,0,0,0,0,0,0,0,0,0,0,0,0,0,0,0,0,0,0,0,0,0,0,0,0,0,0,0,0,0,0,0,0,0,0,0,0,0,0,0,0,0,0,0,0,0,"0,0,0,0,0,0,0,0,0,0","0,0,0,0,0,0,0,0,0,0"
,,3202,副属性位置1生命值,0,0,0,0,0,0,0,0,0,0,0,0,0,0,0,0,0,0,0,0,0,360,0,0,0,0,0,0,0,0,0,0,0,0,0,0,0,0,0,0,0,0,0,0,0,0,0,0,0,0,0,0,0,"0,0,0,0,0,0,0,0,0,0","0,0,0,0,0,0,0,0,0,0"
,,3203,副属性位置1百分比攻击力,0,0.03,0,0,0,0,0,0,0,0,0,0,0,0,0,0,0,0,0,0,0,0,0,0,0,0,0,0,0,0,0,0,0,0,0,0,0,0,0,0,0,0,0,0,0,0,0,0,0,0,0,0,0,"0,0,0,0,0,0,0,0,0,0","0,0,0,0,0,0,0,0,0,0"
,,3204,副属性位置1百分比防御力,0,0,0,0.03,0,0,0,0,0,0,0,0,0,0,0,0,0,0,0,0,0,0,0,0,0,0,0,0,0,0,0,0,0,0,0,0,0,0,0,0,0,0,0,0,0,0,0,0,0,0,0,0,0,"0,0,0,0,0,0,0,0,0,0","0,0,0,0,0,0,0,0,0,0"
,,3205,副属性位置1百分比生命值,0,0,0,0,0,0,0,0,0,0,0,0,0,0,0,0,0,0,0,0,0,0,0.03,0,0,0,0,0,0,0,0,0,0,0,0,0,0,0,0,0,0,0,0,0,0,0,0,0,0,0,0,0,0,"0,0,0,0,0,0,0,0,0,0","0,0,0,0,0,0,0,0,0,0"
,,3206,副属性位置1暴击值,0,0,0,0,0,0,0,0,0.03,0,0,0,0,0,0,0,0,0,0,0,0,0,0,0,0,0,0,0,0,0,0,0,0,0,0,0,0,0,0,0,0,0,0,0,0,0,0,0,0,0,0,0,0,"0,0,0,0,0,0,0,0,0,0","0,0,0,0,0,0,0,0,0,0"
,,3207,副属性位置1暴击倍数,0,0,0,0,0,0,0,0,0,0.06,0,0,0,0,0,0,0,0,0,0,0,0,0,0,0,0,0,0,0,0,0,0,0,0,0,0,0,0,0,0,0,0,0,0,0,0,0,0,0,0,0,0,0,"0,0,0,0,0,0,0,0,0,0","0,0,0,0,0,0,0,0,0,0"
,,3208,副属性位置1效果命中,0,0,0,0,0,0,0,0,0,0,0,0,0,0,0,0,0,0,0,300,0,0,0,0,0,0,0,0,0,0,0,0,0,0,0,0,0,0,0,0,0,0,0,0,0,0,0,0,0,0,0,0,0,"0,0,0,0,0,0,0,0,0,0","0,0,0,0,0,0,0,0,0,0"
,,3220,副属性位置2攻击力,18,0,0,0,0,0,0,0,0,0,0,0,0,0,0,0,0,0,0,0,0,0,0,0,0,0,0,0,0,0,0,0,0,0,0,0,0,0,0,0,0,0,0,0,0,0,0,0,0,0,0,0,0,"0,0,0,0,0,0,0,0,0,0","0,0,0,0,0,0,0,0,0,0"
,,3221,副属性位置2防御力,0,0,18,0,0,0,0,0,0,0,0,0,0,0,0,0,0,0,0,0,0,0,0,0,0,0,0,0,0,0,0,0,0,0,0,0,0,0,0,0,0,0,0,0,0,0,0,0,0,0,0,0,0,"0,0,0,0,0,0,0,0,0,0","0,0,0,0,0,0,0,0,0,0"
,,3222,副属性位置2生命值,0,0,0,0,0,0,0,0,0,0,0,0,0,0,0,0,0,0,0,0,0,360,0,0,0,0,0,0,0,0,0,0,0,0,0,0,0,0,0,0,0,0,0,0,0,0,0,0,0,0,0,0,0,"0,0,0,0,0,0,0,0,0,0","0,0,0,0,0,0,0,0,0,0"
,,3223,副属性位置2百分比攻击力,0,0.03,0,0,0,0,0,0,0,0,0,0,0,0,0,0,0,0,0,0,0,0,0,0,0,0,0,0,0,0,0,0,0,0,0,0,0,0,0,0,0,0,0,0,0,0,0,0,0,0,0,0,0,"0,0,0,0,0,0,0,0,0,0","0,0,0,0,0,0,0,0,0,0"
,,3224,副属性位置2百分比防御力,0,0,0,0.03,0,0,0,0,0,0,0,0,0,0,0,0,0,0,0,0,0,0,0,0,0,0,0,0,0,0,0,0,0,0,0,0,0,0,0,0,0,0,0,0,0,0,0,0,0,0,0,0,0,"0,0,0,0,0,0,0,0,0,0","0,0,0,0,0,0,0,0,0,0"
,,3225,副属性位置2百分比生命值,0,0,0,0,0,0,0,0,0,0,0,0,0,0,0,0,0,0,0,0,0,0,0.03,0,0,0,0,0,0,0,0,0,0,0,0,0,0,0,0,0,0,0,0,0,0,0,0,0,0,0,0,0,0,"0,0,0,0,0,0,0,0,0,0","0,0,0,0,0,0,0,0,0,0"
,,3226,副属性位置2暴击值,0,0,0,0,0,0,0,0,0.03,0,0,0,0,0,0,0,0,0,0,0,0,0,0,0,0,0,0,0,0,0,0,0,0,0,0,0,0,0,0,0,0,0,0,0,0,0,0,0,0,0,0,0,0,"0,0,0,0,0,0,0,0,0,0","0,0,0,0,0,0,0,0,0,0"
,,3227,副属性位置2暴击倍数,0,0,0,0,0,0,0,0,0,0.06,0,0,0,0,0,0,0,0,0,0,0,0,0,0,0,0,0,0,0,0,0,0,0,0,0,0,0,0,0,0,0,0,0,0,0,0,0,0,0,0,0,0,0,"0,0,0,0,0,0,0,0,0,0","0,0,0,0,0,0,0,0,0,0"
,,3228,副属性位置2百分比时速,0,0,0,0,0,0,0,0,0,0,0,0,0,0,0,0,0,0,0.03,0,0,0,0,0,0,0,0,0,0,0,0,0,0,0,0,0,0,0,0,0,0,0,0,0,0,0,0,0,0,0,0,0,0,"0,0,0,0,0,0,0,0,0,0","0,0,0,0,0,0,0,0,0,0"
,,3240,副属性位置3攻击力,18,0,0,0,0,0,0,0,0,0,0,0,0,0,0,0,0,0,0,0,0,0,0,0,0,0,0,0,0,0,0,0,0,0,0,0,0,0,0,0,0,0,0,0,0,0,0,0,0,0,0,0,0,"0,0,0,0,0,0,0,0,0,0","0,0,0,0,0,0,0,0,0,0"
,,3241,副属性位置3防御力,0,0,18,0,0,0,0,0,0,0,0,0,0,0,0,0,0,0,0,0,0,0,0,0,0,0,0,0,0,0,0,0,0,0,0,0,0,0,0,0,0,0,0,0,0,0,0,0,0,0,0,0,0,"0,0,0,0,0,0,0,0,0,0","0,0,0,0,0,0,0,0,0,0"
,,3242,副属性位置3生命值,0,0,0,0,0,0,0,0,0,0,0,0,0,0,0,0,0,0,0,0,0,360,0,0,0,0,0,0,0,0,0,0,0,0,0,0,0,0,0,0,0,0,0,0,0,0,0,0,0,0,0,0,0,"0,0,0,0,0,0,0,0,0,0","0,0,0,0,0,0,0,0,0,0"
,,3243,副属性位置3百分比攻击力,0,0.03,0,0,0,0,0,0,0,0,0,0,0,0,0,0,0,0,0,0,0,0,0,0,0,0,0,0,0,0,0,0,0,0,0,0,0,0,0,0,0,0,0,0,0,0,0,0,0,0,0,0,0,"0,0,0,0,0,0,0,0,0,0","0,0,0,0,0,0,0,0,0,0"
,,3244,副属性位置3百分比防御力,0,0,0,0.03,0,0,0,0,0,0,0,0,0,0,0,0,0,0,0,0,0,0,0,0,0,0,0,0,0,0,0,0,0,0,0,0,0,0,0,0,0,0,0,0,0,0,0,0,0,0,0,0,0,"0,0,0,0,0,0,0,0,0,0","0,0,0,0,0,0,0,0,0,0"
,,3245,副属性位置3百分比生命值,0,0,0,0,0,0,0,0,0,0,0,0,0,0,0,0,0,0,0,0,0,0,0.03,0,0,0,0,0,0,0,0,0,0,0,0,0,0,0,0,0,0,0,0,0,0,0,0,0,0,0,0,0,0,"0,0,0,0,0,0,0,0,0,0","0,0,0,0,0,0,0,0,0,0"
,,3246,副属性位置3暴击值,0,0,0,0,0,0,0,0,0.03,0,0,0,0,0,0,0,0,0,0,0,0,0,0,0,0,0,0,0,0,0,0,0,0,0,0,0,0,0,0,0,0,0,0,0,0,0,0,0,0,0,0,0,0,"0,0,0,0,0,0,0,0,0,0","0,0,0,0,0,0,0,0,0,0"
,,3247,副属性位置3暴击倍数,0,0,0,0,0,0,0,0,0,0.06,0,0,0,0,0,0,0,0,0,0,0,0,0,0,0,0,0,0,0,0,0,0,0,0,0,0,0,0,0,0,0,0,0,0,0,0,0,0,0,0,0,0,0,"0,0,0,0,0,0,0,0,0,0","0,0,0,0,0,0,0,0,0,0"
,,3248,副属性位置3百分比移速,0,0,0,0,0,0,0,0,0,0,0,0,0,0,0,0,300,0,0,0,0,0,0,0,0,0,0,0,0,0,0,0,0,0,0,0,0,0,0,0,0,0,0,0,0,0,0,0,0,0,0,0,0,"0,0,0,0,0,0,0,0,0,0","0,0,0,0,0,0,0,0,0,0"
,,3260,副属性位置4攻击力,18,0,0,0,0,0,0,0,0,0,0,0,0,0,0,0,0,0,0,0,0,0,0,0,0,0,0,0,0,0,0,0,0,0,0,0,0,0,0,0,0,0,0,0,0,0,0,0,0,0,0,0,0,"0,0,0,0,0,0,0,0,0,0","0,0,0,0,0,0,0,0,0,0"
,,3261,副属性位置4防御力,0,0,18,0,0,0,0,0,0,0,0,0,0,0,0,0,0,0,0,0,0,0,0,0,0,0,0,0,0,0,0,0,0,0,0,0,0,0,0,0,0,0,0,0,0,0,0,0,0,0,0,0,0,"0,0,0,0,0,0,0,0,0,0","0,0,0,0,0,0,0,0,0,0"
,,3262,副属性位置4生命值,0,0,0,0,0,0,0,0,0,0,0,0,0,0,0,0,0,0,0,0,0,360,0,0,0,0,0,0,0,0,0,0,0,0,0,0,0,0,0,0,0,0,0,0,0,0,0,0,0,0,0,0,0,"0,0,0,0,0,0,0,0,0,0","0,0,0,0,0,0,0,0,0,0"
,,3263,副属性位置4百分比攻击力,0,0.03,0,0,0,0,0,0,0,0,0,0,0,0,0,0,0,0,0,0,0,0,0,0,0,0,0,0,0,0,0,0,0,0,0,0,0,0,0,0,0,0,0,0,0,0,0,0,0,0,0,0,0,"0,0,0,0,0,0,0,0,0,0","0,0,0,0,0,0,0,0,0,0"
,,3264,副属性位置4百分比防御力,0,0,0,0.03,0,0,0,0,0,0,0,0,0,0,0,0,0,0,0,0,0,0,0,0,0,0,0,0,0,0,0,0,0,0,0,0,0,0,0,0,0,0,0,0,0,0,0,0,0,0,0,0,0,"0,0,0,0,0,0,0,0,0,0","0,0,0,0,0,0,0,0,0,0"
,,3265,副属性位置4百分比生命值,0,0,0,0,0,0,0,0,0,0,0,0,0,0,0,0,0,0,0,0,0,0,0.03,0,0,0,0,0,0,0,0,0,0,0,0,0,0,0,0,0,0,0,0,0,0,0,0,0,0,0,0,0,0,"0,0,0,0,0,0,0,0,0,0","0,0,0,0,0,0,0,0,0,0"
,,3266,副属性位置4暴击值,0,0,0,0,0,0,0,0,0.03,0,0,0,0,0,0,0,0,0,0,0,0,0,0,0,0,0,0,0,0,0,0,0,0,0,0,0,0,0,0,0,0,0,0,0,0,0,0,0,0,0,0,0,0,"0,0,0,0,0,0,0,0,0,0","0,0,0,0,0,0,0,0,0,0"
,,3267,副属性位置4暴击倍数,0,0,0,0,0,0,0,0,0,0.06,0,0,0,0,0,0,0,0,0,0,0,0,0,0,0,0,0,0,0,0,0,0,0,0,0,0,0,0,0,0,0,0,0,0,0,0,0,0,0,0,0,0,0,"0,0,0,0,0,0,0,0,0,0","0,0,0,0,0,0,0,0,0,0"
,,3268,副属性位置4百分比回怒,0,0,0,0,0,0,0,0,0,0,0,0,0,0,0,0,0,0,0,0,0,0,0,0,0,0,0,0,0.02,0,0,0,0,0,0,0,0,0,0,0,0,0,0,0,0,0,0,0,0,0,0,0,0,"0,0,0,0,0,0,0,0,0,0","0,0,0,0,0,0,0,0,0,0"
,,3269,副属性位置4百分比MP恢复,0,0,0,0,0,0,0,0,0,0,0,0,0,0,0,0,0,0,0,0,0,0,0,0,0,0,0.02,0,0,0,0,0,0,0,0,0,0,0,0,0,0,0,0,0,0,0,0,0,0,0,0,0,0,"0,0,0,0,0,0,0,0,0,0","0,0,0,0,0,0,0,0,0,0"
,,3280,副属性位置5攻击力,18,0,0,0,0,0,0,0,0,0,0,0,0,0,0,0,0,0,0,0,0,0,0,0,0,0,0,0,0,0,0,0,0,0,0,0,0,0,0,0,0,0,0,0,0,0,0,0,0,0,0,0,0,"0,0,0,0,0,0,0,0,0,0","0,0,0,0,0,0,0,0,0,0"
,,3281,副属性位置5防御力,0,0,18,0,0,0,0,0,0,0,0,0,0,0,0,0,0,0,0,0,0,0,0,0,0,0,0,0,0,0,0,0,0,0,0,0,0,0,0,0,0,0,0,0,0,0,0,0,0,0,0,0,0,"0,0,0,0,0,0,0,0,0,0","0,0,0,0,0,0,0,0,0,0"
,,3282,副属性位置5生命值,0,0,0,0,0,0,0,0,0,0,0,0,0,0,0,0,0,0,0,0,0,360,0,0,0,0,0,0,0,0,0,0,0,0,0,0,0,0,0,0,0,0,0,0,0,0,0,0,0,0,0,0,0,"0,0,0,0,0,0,0,0,0,0","0,0,0,0,0,0,0,0,0,0"
,,3283,副属性位置5百分比攻击力,0,0.03,0,0,0,0,0,0,0,0,0,0,0,0,0,0,0,0,0,0,0,0,0,0,0,0,0,0,0,0,0,0,0,0,0,0,0,0,0,0,0,0,0,0,0,0,0,0,0,0,0,0,0,"0,0,0,0,0,0,0,0,0,0","0,0,0,0,0,0,0,0,0,0"
,,3284,副属性位置5百分比防御力,0,0,0,0.03,0,0,0,0,0,0,0,0,0,0,0,0,0,0,0,0,0,0,0,0,0,0,0,0,0,0,0,0,0,0,0,0,0,0,0,0,0,0,0,0,0,0,0,0,0,0,0,0,0,"0,0,0,0,0,0,0,0,0,0","0,0,0,0,0,0,0,0,0,0"
,,3285,副属性位置5百分比生命值,0,0,0,0,0,0,0,0,0,0,0,0,0,0,0,0,0,0,0,0,0,0,0.03,0,0,0,0,0,0,0,0,0,0,0,0,0,0,0,0,0,0,0,0,0,0,0,0,0,0,0,0,0,0,"0,0,0,0,0,0,0,0,0,0","0,0,0,0,0,0,0,0,0,0"
,,3286,副属性位置5暴击值,0,0,0,0,0,0,0,0,0.03,0,0,0,0,0,0,0,0,0,0,0,0,0,0,0,0,0,0,0,0,0,0,0,0,0,0,0,0,0,0,0,0,0,0,0,0,0,0,0,0,0,0,0,0,"0,0,0,0,0,0,0,0,0,0","0,0,0,0,0,0,0,0,0,0"
,,3287,副属性位置5暴击倍数,0,0,0,0,0,0,0,0,0,0.06,0,0,0,0,0,0,0,0,0,0,0,0,0,0,0,0,0,0,0,0,0,0,0,0,0,0,0,0,0,0,0,0,0,0,0,0,0,0,0,0,0,0,0,"0,0,0,0,0,0,0,0,0,0","0,0,0,0,0,0,0,0,0,0"
,,3288,副属性位置5效果抵抗,0,0,0,0,0,0,0,0,0,0,0,0,0,0,0,0,0,0,0,0,300,0,0,0,0,0,0,0,0,0,0,0,0,0,0,0,0,0,0,0,0,0,0,0,0,0,0,0,0,0,0,0,0,"0,0,0,0,0,0,0,0,0,0","0,0,0,0,0,0,0,0,0,0"
,,3289,副属性位置5百分比治疗量,0,0,0,0,0,0,0,0,0,0,0,0,0.06,0,0,0,0,0,0,0,0,0,0,0,0,0,0,0,0,0,0,0,0,0,0,0,0,0,0,0,0,0,0,0,0,0,0,0,0,0,0,0,0,"0,0,0,0,0,0,0,0,0,0","0,0,0,0,0,0,0,0,0,0"
